-- MySQL dump 10.13  Distrib 8.0.40, for Win64 (x86_64)
--
-- Host: localhost    Database: bdu_qlctdtn
-- ------------------------------------------------------
-- Server version	8.0.40

/*!40101 SET @OLD_CHARACTER_SET_CLIENT=@@CHARACTER_SET_CLIENT */;
/*!40101 SET @OLD_CHARACTER_SET_RESULTS=@@CHARACTER_SET_RESULTS */;
/*!40101 SET @OLD_COLLATION_CONNECTION=@@COLLATION_CONNECTION */;
/*!50503 SET NAMES utf8 */;
/*!40103 SET @OLD_TIME_ZONE=@@TIME_ZONE */;
/*!40103 SET TIME_ZONE='+00:00' */;
/*!40014 SET @OLD_UNIQUE_CHECKS=@@UNIQUE_CHECKS, UNIQUE_CHECKS=0 */;
/*!40014 SET @OLD_FOREIGN_KEY_CHECKS=@@FOREIGN_KEY_CHECKS, FOREIGN_KEY_CHECKS=0 */;
/*!40101 SET @OLD_SQL_MODE=@@SQL_MODE, SQL_MODE='NO_AUTO_VALUE_ON_ZERO' */;
/*!40111 SET @OLD_SQL_NOTES=@@SQL_NOTES, SQL_NOTES=0 */;

--
-- Table structure for table `khoa`
--

CREATE DATABASE IF NOT EXISTS bdu_qlctdtn;
USE bdu_qlctdtn;

DROP TABLE IF EXISTS `khoa`;
/*!40101 SET @saved_cs_client     = @@character_set_client */;
/*!50503 SET character_set_client = utf8mb4 */;
CREATE TABLE `khoa` (
  `ma_khoa` int NOT NULL AUTO_INCREMENT,
  `ten_khoa` varchar(50) CHARACTER SET utf8mb3 COLLATE utf8mb3_general_ci NOT NULL,
  PRIMARY KEY (`ma_khoa`)
) ENGINE=InnoDB AUTO_INCREMENT=2 DEFAULT CHARSET=utf8mb4 COLLATE=utf8mb4_0900_ai_ci;
/*!40101 SET character_set_client = @saved_cs_client */;

--
-- Dumping data for table `khoa`
--

LOCK TABLES `khoa` WRITE;
/*!40000 ALTER TABLE `khoa` DISABLE KEYS */;
INSERT INTO `khoa` VALUES (1,'CNTT');
/*!40000 ALTER TABLE `khoa` ENABLE KEYS */;
UNLOCK TABLES;

--
-- Table structure for table `minh_chung`
--

DROP TABLE IF EXISTS `minh_chung`;
/*!40101 SET @saved_cs_client     = @@character_set_client */;
/*!50503 SET character_set_client = utf8mb4 */;
CREATE TABLE `minh_chung` (
  `ma_minh_chung` varchar(50) CHARACTER SET utf8mb3 COLLATE utf8mb3_general_ci NOT NULL,
  `so_thu_tu` int NOT NULL,
  `ma_tieu_chi` varchar(50) CHARACTER SET utf8mb3 COLLATE utf8mb3_general_ci NOT NULL,
  PRIMARY KEY (`ma_minh_chung`),
  KEY `fk_minh_chung_tieu_chi` (`ma_tieu_chi`),
  CONSTRAINT `fk_minh_chung_tieu_chi` FOREIGN KEY (`ma_tieu_chi`) REFERENCES `tieu_chi` (`ma_tieu_chi`) ON DELETE CASCADE ON UPDATE CASCADE
) ENGINE=InnoDB DEFAULT CHARSET=utf8mb4 COLLATE=utf8mb4_0900_ai_ci;
/*!40101 SET character_set_client = @saved_cs_client */;

--
-- Dumping data for table `minh_chung`
--

LOCK TABLES `minh_chung` WRITE;
/*!40000 ALTER TABLE `minh_chung` DISABLE KEYS */;
INSERT INTO `minh_chung` VALUES ('H1.01.01.01',1,'Tiêu chí 1.1.'),('H1.01.01.02',2,'Tiêu chí 1.1.'),('H1.01.01.03',3,'Tiêu chí 1.1.'),('H1.01.01.04',4,'Tiêu chí 1.1.'),('H1.01.01.05',5,'Tiêu chí 1.1.'),('H1.01.01.06',6,'Tiêu chí 1.1.'),('H1.01.01.07',7,'Tiêu chí 1.1.'),('H1.01.01.08',8,'Tiêu chí 1.1.'),('H1.01.01.09',9,'Tiêu chí 1.1.'),('H1.01.01.10',10,'Tiêu chí 1.1.'),('H1.01.01.11',11,'Tiêu chí 1.1.'),('H1.01.02.01',1,'Tiêu chí 1.2'),('H1.01.02.02',2,'Tiêu chí 1.2'),('H1.01.02.03',3,'Tiêu chí 1.2'),('H1.01.02.04',4,'Tiêu chí 1.2'),('H1.01.02.05',5,'Tiêu chí 1.2'),('H1.01.02.06',6,'Tiêu chí 1.2'),('H1.01.02.07',7,'Tiêu chí 1.2'),('H1.01.02.08',8,'Tiêu chí 1.2'),('H1.01.03.01',1,'Tiêu chí 1.3'),('H1.01.03.02',2,'Tiêu chí 1.3'),('H1.01.03.03',3,'Tiêu chí 1.3'),('H1.01.03.04',4,'Tiêu chí 1.3'),('H1.01.03.05',5,'Tiêu chí 1.3'),('H1.01.03.06',6,'Tiêu chí 1.3'),('H1.01.03.07',7,'Tiêu chí 1.3'),('H1.01.03.08',8,'Tiêu chí 1.3'),('H1.01.03.09',9,'Tiêu chí 1.3'),('H1.01.03.10',10,'Tiêu chí 1.3'),('H1.01.03.11',11,'Tiêu chí 1.3'),('H1.01.03.12',12,'Tiêu chí 1.3'),('H1.01.03.13',13,'Tiêu chí 1.3'),('H10.10.01.01',1,'Tiêu chí 10.1'),('H10.10.01.02',2,'Tiêu chí 10.1'),('H10.10.01.03',3,'Tiêu chí 10.1'),('H10.10.01.04',4,'Tiêu chí 10.1'),('H10.10.01.05',5,'Tiêu chí 10.1'),('H10.10.02.01',1,'Tiêu chí 10.2'),('H10.10.02.02',2,'Tiêu chí 10.2'),('H10.10.02.03',3,'Tiêu chí 10.2'),('H10.10.02.04',4,'Tiêu chí 10.2'),('H10.10.02.05',5,'Tiêu chí 10.2'),('H10.10.02.06',6,'Tiêu chí 10.2'),('H10.10.03.01',1,'Tiêu chí 10.3'),('H10.10.03.02',2,'Tiêu chí 10.3'),('H10.10.03.03',3,'Tiêu chí 10.3'),('H10.10.03.04',4,'Tiêu chí 10.3'),('H10.10.03.05',5,'Tiêu chí 10.3'),('H10.10.03.06',6,'Tiêu chí 10.3'),('H10.10.03.07',7,'Tiêu chí 10.3'),('H10.10.03.08',8,'Tiêu chí 10.3'),('H10.10.03.09',9,'Tiêu chí 10.3'),('H10.10.03.10',10,'Tiêu chí 10.3'),('H10.10.04.01',1,'Tiêu chí 10.4'),('H10.10.04.02',2,'Tiêu chí 10.4'),('H10.10.04.03',3,'Tiêu chí 10.4'),('H10.10.04.04',4,'Tiêu chí 10.4'),('H10.10.04.05',5,'Tiêu chí 10.4'),('H10.10.04.06',6,'Tiêu chí 10.4'),('H10.10.04.07',7,'Tiêu chí 10.4'),('H10.10.04.08',8,'Tiêu chí 10.4'),('H10.10.04.09',9,'Tiêu chí 10.4'),('H10.10.04.10',10,'Tiêu chí 10.4'),('H10.10.05.01',1,'Tiêu chí 10.5'),('H10.10.05.02',2,'Tiêu chí 10.5'),('H10.10.05.03',3,'Tiêu chí 10.5'),('H10.10.05.04',4,'Tiêu chí 10.5'),('H10.10.05.05',5,'Tiêu chí 10.5'),('H10.10.05.06',6,'Tiêu chí 10.5'),('H10.10.05.07',7,'Tiêu chí 10.5'),('H10.10.05.08',8,'Tiêu chí 10.5'),('H10.10.06.01',1,'Tiêu chí 10.6'),('H10.10.06.02',2,'Tiêu chí 10.6'),('H10.10.06.03',3,'Tiêu chí 10.6'),('H10.10.06.04',4,'Tiêu chí 10.6'),('H10.10.06.05',5,'Tiêu chí 10.6'),('H10.10.06.06',6,'Tiêu chí 10.6'),('H10.10.06.07',7,'Tiêu chí 10.6'),('H10.10.06.08',8,'Tiêu chí 10.6'),('H11.11.01.01',1,'Tiêu chí 11.1'),('H11.11.01.02',2,'Tiêu chí 11.1'),('H11.11.01.03',3,'Tiêu chí 11.1'),('H11.11.01.04',4,'Tiêu chí 11.1'),('H11.11.02.01',1,'Tiêu chí 11.2'),('H11.11.02.02',2,'Tiêu chí 11.2'),('H11.11.02.03',3,'Tiêu chí 11.2'),('H11.11.02.04',4,'Tiêu chí 11.2'),('H11.11.02.05',5,'Tiêu chí 11.2'),('H11.11.02.06',6,'Tiêu chí 11.2'),('H11.11.02.07',7,'Tiêu chí 11.2'),('H11.11.02.08',8,'Tiêu chí 11.2'),('H11.11.03.01',1,'Tiêu chí 11.3'),('H11.11.03.02',2,'Tiêu chí 11.3'),('H11.11.03.03',3,'Tiêu chí 11.3'),('H11.11.03.04',4,'Tiêu chí 11.3'),('H11.11.03.05',5,'Tiêu chí 11.3'),('H11.11.03.06',6,'Tiêu chí 11.3'),('H11.11.03.07',7,'Tiêu chí 11.3'),('H11.11.03.08',8,'Tiêu chí 11.3'),('H11.11.04.01',1,'Tiêu chí 11.4'),('H11.11.04.02',2,'Tiêu chí 11.4'),('H11.11.04.03',3,'Tiêu chí 11.4'),('H11.11.04.04',4,'Tiêu chí 11.4'),('H11.11.04.05',5,'Tiêu chí 11.4'),('H11.11.05.01',1,'Tiêu chí 11.5'),('H11.11.05.02',2,'Tiêu chí 11.5'),('H11.11.05.03',3,'Tiêu chí 11.5'),('H11.11.05.04',4,'Tiêu chí 11.5'),('H11.11.05.05',5,'Tiêu chí 11.5'),('H11.11.05.06',6,'Tiêu chí 11.5'),('H2.02.01.01',1,'Tiêu chí 2.1'),('H2.02.01.02',2,'Tiêu chí 2.1'),('H2.02.01.03',3,'Tiêu chí 2.1'),('H2.02.01.04',4,'Tiêu chí 2.1'),('H2.02.01.05',5,'Tiêu chí 2.1'),('H2.02.01.06',6,'Tiêu chí 2.1'),('H2.02.01.07',7,'Tiêu chí 2.1'),('H2.02.01.08',8,'Tiêu chí 2.1'),('H2.02.01.09',9,'Tiêu chí 2.1'),('H2.02.01.10',10,'Tiêu chí 2.1'),('H2.02.02.01',1,'Tiêu chí 2.2'),('H2.02.02.02',2,'Tiêu chí 2.2'),('H2.02.02.03',3,'Tiêu chí 2.2'),('H2.02.02.04',4,'Tiêu chí 2.2'),('H2.02.02.05',5,'Tiêu chí 2.2'),('H2.02.02.06',6,'Tiêu chí 2.2'),('H2.02.02.07',7,'Tiêu chí 2.2'),('H2.02.02.08',8,'Tiêu chí 2.2'),('H2.02.02.09',9,'Tiêu chí 2.2'),('H2.02.02.10',10,'Tiêu chí 2.2'),('H2.02.02.11',11,'Tiêu chí 2.2'),('H2.02.03.01',1,'Tiêu chí 2.3'),('H2.02.03.02',2,'Tiêu chí 2.3'),('H2.02.03.03',3,'Tiêu chí 2.3'),('H2.02.03.04',4,'Tiêu chí 2.3'),('H2.02.03.05',5,'Tiêu chí 2.3'),('H2.02.03.06',6,'Tiêu chí 2.3'),('H2.02.03.07',7,'Tiêu chí 2.3'),('H2.02.03.08',8,'Tiêu chí 2.3'),('H2.02.03.09',9,'Tiêu chí 2.3'),('H2.02.03.10',10,'Tiêu chí 2.3'),('H3.03. 03.05',5,'Tiêu chí 3.3'),('H3.03.01.01',1,'Tiêu chí 3.1'),('H3.03.01.02',2,'Tiêu chí 3.1'),('H3.03.01.03',3,'Tiêu chí 3.1'),('H3.03.01.04',4,'Tiêu chí 3.1'),('H3.03.01.05',5,'Tiêu chí 3.1'),('H3.03.01.06',6,'Tiêu chí 3.1'),('H3.03.01.07',7,'Tiêu chí 3.1'),('H3.03.01.08',8,'Tiêu chí 3.1'),('H3.03.01.09',9,'Tiêu chí 3.1'),('H3.03.01.10',10,'Tiêu chí 3.1'),('H3.03.01.11',11,'Tiêu chí 3.1'),('H3.03.01.12',12,'Tiêu chí 3.1'),('H3.03.01.13',13,'Tiêu chí 3.1'),('H3.03.01.14',14,'Tiêu chí 3.1'),('H3.03.02.01',1,'Tiêu chí 3.2'),('H3.03.02.02',2,'Tiêu chí 3.2'),('H3.03.02.03',3,'Tiêu chí 3.2'),('H3.03.02.04',4,'Tiêu chí 3.2'),('H3.03.02.05',5,'Tiêu chí 3.2'),('H3.03.02.06',6,'Tiêu chí 3.2'),('H3.03.02.07',7,'Tiêu chí 3.2'),('H3.03.02.08',8,'Tiêu chí 3.2'),('H3.03.02.09',9,'Tiêu chí 3.2'),('H3.03.02.10',10,'Tiêu chí 3.2'),('H3.03.02.11',11,'Tiêu chí 3.2'),('H3.03.03.01',1,'Tiêu chí 3.3'),('H3.03.03.02',2,'Tiêu chí 3.3'),('H3.03.03.03',3,'Tiêu chí 3.3'),('H3.03.03.04',4,'Tiêu chí 3.3'),('H3.03.03.06',6,'Tiêu chí 3.3'),('H3.03.03.07',7,'Tiêu chí 3.3'),('H3.03.03.08',8,'Tiêu chí 3.3'),('H3.03.03.09',9,'Tiêu chí 3.3'),('H3.03.03.10',10,'Tiêu chí 3.3'),('H3.03.03.11',11,'Tiêu chí 3.3'),('H3.03.03.12',12,'Tiêu chí 3.3'),('H3.03.03.13',13,'Tiêu chí 3.3'),('H4.04.01.01',1,'Tiêu chí 4.1'),('H4.04.01.02',2,'Tiêu chí 4.1'),('H4.04.01.03',3,'Tiêu chí 4.1'),('H4.04.01.04',4,'Tiêu chí 4.1'),('H4.04.01.05',5,'Tiêu chí 4.1'),('H4.04.01.06',6,'Tiêu chí 4.1'),('H4.04.01.07',7,'Tiêu chí 4.1'),('H4.04.01.08',8,'Tiêu chí 4.1'),('H4.04.02.01',1,'Tiêu chí 4.2'),('H4.04.02.02',2,'Tiêu chí 4.2'),('H4.04.02.03',3,'Tiêu chí 4.2'),('H4.04.02.04',4,'Tiêu chí 4.2'),('H4.04.02.05',5,'Tiêu chí 4.2'),('H4.04.02.06',6,'Tiêu chí 4.2'),('H4.04.02.07',7,'Tiêu chí 4.2'),('H4.04.02.08',8,'Tiêu chí 4.2'),('H4.04.02.09',9,'Tiêu chí 4.2'),('H4.04.02.10',10,'Tiêu chí 4.2'),('H4.04.02.11',11,'Tiêu chí 4.2'),('H4.04.02.12',12,'Tiêu chí 4.2'),('H4.04.03.01',1,'Tiêu chí 4.3'),('H4.04.03.02',2,'Tiêu chí 4.3'),('H4.04.03.03',3,'Tiêu chí 4.3'),('H4.04.03.04',4,'Tiêu chí 4.3'),('H4.04.03.05',5,'Tiêu chí 4.3'),('H4.04.03.06',6,'Tiêu chí 4.3'),('H4.04.03.07',7,'Tiêu chí 4.3'),('H4.04.03.08',8,'Tiêu chí 4.3'),('H5.05.01.01',1,'Tiêu chí 5.1'),('H5.05.01.02',2,'Tiêu chí 5.1'),('H5.05.01.03',3,'Tiêu chí 5.1'),('H5.05.01.04',4,'Tiêu chí 5.1'),('H5.05.01.05',5,'Tiêu chí 5.1'),('H5.05.01.06',6,'Tiêu chí 5.1'),('H5.05.01.07',7,'Tiêu chí 5.1'),('H5.05.02.01',1,'Tiêu chí 5.2'),('H5.05.02.02',2,'Tiêu chí 5.2'),('H5.05.02.03',3,'Tiêu chí 5.2'),('H5.05.02.04',4,'Tiêu chí 5.2'),('H5.05.02.05',5,'Tiêu chí 5.2'),('H5.05.02.06',6,'Tiêu chí 5.2'),('H5.05.02.07',7,'Tiêu chí 5.2'),('H5.05.02.08',8,'Tiêu chí 5.2'),('H5.05.02.09',9,'Tiêu chí 5.2'),('H5.05.03.01',1,'Tiêu chí 5.3'),('H5.05.03.02',2,'Tiêu chí 5.3'),('H5.05.03.03',3,'Tiêu chí 5.3'),('H5.05.03.04',4,'Tiêu chí 5.3'),('H5.05.03.05',5,'Tiêu chí 5.3'),('H5.05.04.01',1,'Tiêu chí 5.4'),('H5.05.04.02',2,'Tiêu chí 5.4'),('H5.05.04.03',3,'Tiêu chí 5.4'),('H5.05.04.04',4,'Tiêu chí 5.4'),('H5.05.04.05',5,'Tiêu chí 5.4'),('H5.05.05.01',1,'Tiêu chí 5.5'),('H5.05.05.02',2,'Tiêu chí 5.5'),('H5.05.05.03',3,'Tiêu chí 5.5'),('H5.05.05.04',4,'Tiêu chí 5.5'),('H6.06.01.01',1,'Tiêu chí 6.1'),('H6.06.01.02',2,'Tiêu chí 6.1'),('H6.06.01.03',3,'Tiêu chí 6.1'),('H6.06.01.04',4,'Tiêu chí 6.1'),('H6.06.01.05',5,'Tiêu chí 6.1'),('H6.06.01.06',6,'Tiêu chí 6.1'),('H6.06.01.07',7,'Tiêu chí 6.1'),('H6.06.01.08',8,'Tiêu chí 6.1'),('H6.06.01.09',9,'Tiêu chí 6.1'),('H6.06.01.10',10,'Tiêu chí 6.1'),('H6.06.01.11',11,'Tiêu chí 6.1'),('H6.06.02.01',1,'Tiêu chí 6.2'),('H6.06.02.02',2,'Tiêu chí 6.2'),('H6.06.02.03',3,'Tiêu chí 6.2'),('H6.06.02.04',4,'Tiêu chí 6.2'),('H6.06.02.05',5,'Tiêu chí 6.2'),('H6.06.02.06',6,'Tiêu chí 6.2'),('H6.06.02.07',7,'Tiêu chí 6.2'),('H6.06.02.08',8,'Tiêu chí 6.2'),('H6.06.02.09',9,'Tiêu chí 6.2'),('H6.06.02.10',10,'Tiêu chí 6.2'),('H6.06.03.01',1,'Tiêu chí 6.3'),('H6.06.03.02',2,'Tiêu chí 6.3'),('H6.06.03.03',3,'Tiêu chí 6.3'),('H6.06.03.04',4,'Tiêu chí 6.3'),('H6.06.03.05',5,'Tiêu chí 6.3'),('H6.06.03.06',6,'Tiêu chí 6.3'),('H6.06.03.07',7,'Tiêu chí 6.3'),('H6.06.03.08',8,'Tiêu chí 6.3'),('H6.06.03.09',9,'Tiêu chí 6.3'),('H6.06.04.01',1,'Tiêu chí 6.4'),('H6.06.04.02',2,'Tiêu chí 6.4'),('H6.06.04.03',3,'Tiêu chí 6.4'),('H6.06.04.04',4,'Tiêu chí 6.4'),('H6.06.04.05',5,'Tiêu chí 6.4'),('H6.06.04.06',6,'Tiêu chí 6.4'),('H6.06.04.07',7,'Tiêu chí 6.4'),('H6.06.05.01',1,'Tiêu chí 6.5'),('H6.06.05.02',2,'Tiêu chí 6.5'),('H6.06.05.03',3,'Tiêu chí 6.5'),('H6.06.05.04',4,'Tiêu chí 6.5'),('H6.06.05.05',5,'Tiêu chí 6.5'),('H6.06.05.06',6,'Tiêu chí 6.5'),('H6.06.05.07',7,'Tiêu chí 6.5'),('H6.06.06.01',1,'Tiêu chí 6.6'),('H6.06.06.02',2,'Tiêu chí 6.6'),('H6.06.06.03',3,'Tiêu chí 6.6'),('H6.06.06.04',4,'Tiêu chí 6.6'),('H6.06.06.05',5,'Tiêu chí 6.6'),('H6.06.06.06',6,'Tiêu chí 6.6'),('H6.06.06.07',7,'Tiêu chí 6.6'),('H6.06.06.08',8,'Tiêu chí 6.6'),('H6.06.06.09',9,'Tiêu chí 6.6'),('H6.06.06.10',10,'Tiêu chí 6.6'),('H6.06.06.11',11,'Tiêu chí 6.6'),('H6.06.06.12',12,'Tiêu chí 6.6'),('H6.06.07.01',1,'Tiêu chí 6.7'),('H6.06.07.02',2,'Tiêu chí 6.7'),('H6.06.07.03',3,'Tiêu chí 6.7'),('H6.06.07.04',4,'Tiêu chí 6.7'),('H6.06.07.05',5,'Tiêu chí 6.7'),('H7.07.01.01',1,'Tiêu chí 7.1'),('H7.07.01.02',2,'Tiêu chí 7.1'),('H7.07.01.03',3,'Tiêu chí 7.1'),('H7.07.01.04',4,'Tiêu chí 7.1'),('H7.07.01.05',5,'Tiêu chí 7.1'),('H7.07.01.06',6,'Tiêu chí 7.1'),('H7.07.01.07',7,'Tiêu chí 7.1'),('H7.07.01.08',8,'Tiêu chí 7.1'),('H7.07.02.01',1,'Tiêu chí 7.2'),('H7.07.02.02',2,'Tiêu chí 7.2'),('H7.07.02.03',3,'Tiêu chí 7.2'),('H7.07.02.04',4,'Tiêu chí 7.2'),('H7.07.03.01',1,'Tiêu chí 7.3'),('H7.07.03.02',2,'Tiêu chí 7.3'),('H7.07.03.03',3,'Tiêu chí 7.3'),('H7.07.03.04',4,'Tiêu chí 7.3'),('H7.07.03.05',5,'Tiêu chí 7.3'),('H7.07.03.06',6,'Tiêu chí 7.3'),('H7.07.03.07',7,'Tiêu chí 7.3'),('H7.07.04.01',1,'Tiêu chí 7.4'),('H7.07.04.02',2,'Tiêu chí 7.4'),('H7.07.04.03',3,'Tiêu chí 7.4'),('H7.07.04.04',4,'Tiêu chí 7.4'),('H7.07.04.05',5,'Tiêu chí 7.4'),('H7.07.04.06',6,'Tiêu chí 7.4'),('H7.07.05.01',1,'Tiêu chí 7.5'),('H7.07.05.02',2,'Tiêu chí 7.5'),('H7.07.05.03',3,'Tiêu chí 7.5'),('H7.07.05.04',4,'Tiêu chí 7.5'),('H8.08.01.01',1,'Tiêu chí 8.1'),('H8.08.01.02',2,'Tiêu chí 8.1'),('H8.08.01.03',3,'Tiêu chí 8.1'),('H8.08.01.04',4,'Tiêu chí 8.1'),('H8.08.01.05',5,'Tiêu chí 8.1'),('H8.08.01.06',6,'Tiêu chí 8.1'),('H8.08.01.07',7,'Tiêu chí 8.1'),('H8.08.02.01',1,'Tiêu chí 8.2'),('H8.08.02.02',2,'Tiêu chí 8.2'),('H8.08.02.03',3,'Tiêu chí 8.2'),('H8.08.02.04',4,'Tiêu chí 8.2'),('H8.08.02.05',5,'Tiêu chí 8.2'),('H8.08.02.06',6,'Tiêu chí 8.2'),('H8.08.03.01',1,'Tiêu chí 8.3'),('H8.08.03.02',2,'Tiêu chí 8.3'),('H8.08.03.03',3,'Tiêu chí 8.3'),('H8.08.03.04',4,'Tiêu chí 8.3'),('H8.08.03.05',5,'Tiêu chí 8.3'),('H8.08.03.06',6,'Tiêu chí 8.3'),('H8.08.03.07',7,'Tiêu chí 8.3'),('H8.08.03.08',8,'Tiêu chí 8.3'),('H8.08.03.09',9,'Tiêu chí 8.3'),('H8.08.03.10',10,'Tiêu chí 8.3'),('H8.08.03.11',11,'Tiêu chí 8.3'),('H8.08.03.12',12,'Tiêu chí 8.3'),('H8.08.03.13',13,'Tiêu chí 8.3'),('H8.08.04.01',1,'Tiêu chí 8.4'),('H8.08.04.02',2,'Tiêu chí 8.4'),('H8.08.04.03',3,'Tiêu chí 8.4'),('H8.08.04.04',4,'Tiêu chí 8.4'),('H8.08.04.05',5,'Tiêu chí 8.4'),('H8.08.04.06',6,'Tiêu chí 8.4'),('H8.08.04.07',7,'Tiêu chí 8.4'),('H8.08.04.08',8,'Tiêu chí 8.4'),('H8.08.04.09',9,'Tiêu chí 8.4'),('H8.08.04.10',10,'Tiêu chí 8.4'),('H8.08.04.11',11,'Tiêu chí 8.4'),('H8.08.04.12',12,'Tiêu chí 8.4'),('H8.08.04.13',13,'Tiêu chí 8.4'),('H8.08.04.14',14,'Tiêu chí 8.4'),('H8.08.04.15',15,'Tiêu chí 8.4'),('H8.08.04.16',16,'Tiêu chí 8.4'),('H8.08.04.17',17,'Tiêu chí 8.4'),('H8.08.04.18',18,'Tiêu chí 8.4'),('H8.08.04.19',19,'Tiêu chí 8.4'),('H8.08.05.01',1,'Tiêu chí 8.5'),('H8.08.05.02',2,'Tiêu chí 8.5'),('H8.08.05.03',3,'Tiêu chí 8.5'),('H8.08.05.04',4,'Tiêu chí 8.5'),('H8.08.05.05',5,'Tiêu chí 8.5'),('H8.08.05.06',6,'Tiêu chí 8.5'),('H8.08.05.07',7,'Tiêu chí 8.5'),('H8.08.05.08',8,'Tiêu chí 8.5'),('H8.08.05.09',9,'Tiêu chí 8.5'),('H8.08.05.10',10,'Tiêu chí 8.5'),('H8.08.05.11',11,'Tiêu chí 8.5'),('H8.08.05.12',12,'Tiêu chí 8.5'),('H8.08.05.13',13,'Tiêu chí 8.5'),('H9.09.01.01',1,'Tiêu chí 9.1'),('H9.09.01.02',2,'Tiêu chí 9.1'),('H9.09.01.03',3,'Tiêu chí 9.1'),('H9.09.01.04',4,'Tiêu chí 9.1'),('H9.09.01.05',5,'Tiêu chí 9.1'),('H9.09.01.06',6,'Tiêu chí 9.1'),('H9.09.01.07',7,'Tiêu chí 9.1'),('H9.09.02.01',1,'Tiêu chí 9.2'),('H9.09.02.02',2,'Tiêu chí 9.2'),('H9.09.02.03',3,'Tiêu chí 9.2'),('H9.09.02.04',4,'Tiêu chí 9.2'),('H9.09.02.05',5,'Tiêu chí 9.2'),('H9.09.02.06',6,'Tiêu chí 9.2'),('H9.09.02.07',7,'Tiêu chí 9.2'),('H9.09.02.08',8,'Tiêu chí 9.2'),('H9.09.02.09',9,'Tiêu chí 9.2'),('H9.09.02.10',10,'Tiêu chí 9.2'),('H9.09.02.11',11,'Tiêu chí 9.2'),('H9.09.02.12',12,'Tiêu chí 9.2'),('H9.09.02.13',13,'Tiêu chí 9.2'),('H9.09.02.14',14,'Tiêu chí 9.2'),('H9.09.03.01',1,'Tiêu chí 9.3'),('H9.09.03.02',2,'Tiêu chí 9.3'),('H9.09.03.03',3,'Tiêu chí 9.3'),('H9.09.03.04',4,'Tiêu chí 9.3'),('H9.09.03.05',5,'Tiêu chí 9.3'),('H9.09.03.06',6,'Tiêu chí 9.3'),('H9.09.03.07',7,'Tiêu chí 9.3'),('H9.09.03.08',8,'Tiêu chí 9.3'),('H9.09.03.09',9,'Tiêu chí 9.3'),('H9.09.03.10',10,'Tiêu chí 9.3'),('H9.09.03.11',11,'Tiêu chí 9.3'),('H9.09.04.01',1,'Tiêu chí 9.4'),('H9.09.04.02',2,'Tiêu chí 9.4'),('H9.09.04.03',3,'Tiêu chí 9.4'),('H9.09.04.04',4,'Tiêu chí 9.4'),('H9.09.04.05',5,'Tiêu chí 9.4'),('H9.09.04.06',6,'Tiêu chí 9.4'),('H9.09.05.01',1,'Tiêu chí 9.5'),('H9.09.05.02',2,'Tiêu chí 9.5'),('H9.09.05.03',3,'Tiêu chí 9.5'),('H9.09.05.04',4,'Tiêu chí 9.5'),('H9.09.05.05',5,'Tiêu chí 9.5'),('H9.09.05.06',6,'Tiêu chí 9.5');
/*!40000 ALTER TABLE `minh_chung` ENABLE KEYS */;
UNLOCK TABLES;

--
-- Table structure for table `minh_chung_con`
--

DROP TABLE IF EXISTS `minh_chung_con`;
/*!40101 SET @saved_cs_client     = @@character_set_client */;
/*!50503 SET character_set_client = utf8mb4 */;
CREATE TABLE `minh_chung_con` (
  `ma_minh_chung_con` int NOT NULL AUTO_INCREMENT,
  `ma_minh_chung` varchar(50) CHARACTER SET utf8mb3 COLLATE utf8mb3_general_ci NOT NULL,
  `ten_minh_chung` longtext NOT NULL,
  `so_minh_chung` longtext NOT NULL,
  `noi_ban_hanh` longtext NOT NULL,
  `link` longtext NOT NULL,
  `ngay_ban_hanh` longtext NOT NULL,
  PRIMARY KEY (`ma_minh_chung_con`,`ma_minh_chung`),
  KEY `fk_minh_chung_con_minh_chung` (`ma_minh_chung`),
  CONSTRAINT `fk_minh_chung_con_minh_chung` FOREIGN KEY (`ma_minh_chung`) REFERENCES `minh_chung` (`ma_minh_chung`) ON DELETE CASCADE ON UPDATE CASCADE
) ENGINE=InnoDB AUTO_INCREMENT=978 DEFAULT CHARSET=utf8mb4 COLLATE=utf8mb4_0900_ai_ci;
/*!40101 SET character_set_client = @saved_cs_client */;

--
-- Dumping data for table `minh_chung_con`
--

LOCK TABLES `minh_chung_con` WRITE;
/*!40000 ALTER TABLE `minh_chung_con` DISABLE KEYS */;
INSERT INTO `minh_chung_con` VALUES (1,'H1.01.01.01','Quyết định của Bộ Giáo dục và Đào tạo về việc mở ngành đào tạo của trường Đại học Dân lập Bình Dương các ngành: Quản trị kinh doanh, Tiếng Anh, Xây dựng dân dụng và công nghiệp, Tin học, Kỹ thuật Điện – Điện tử','1','Trường ĐHBD','https://drive.google.com/file/d/1S9vvY0wypub9Vk2uiCYdcHeIlF0KDMXs/view?usp=sharing','Số 202/QĐ – BỘ GD&ĐT/ĐH, ngày 04/02/1998'),(2,'H1.01.01.01','Quyết định thành lập Khoa Tin học','2','Trường ĐHBD','https://drive.google.com/file/d/13I3h0OHDVQwm3LJZRxpCmr0-ZA7TWWNi/view?usp=sharing','Số 053/ QĐ-TCCB/2001, ngày 19/6/2001'),(3,'H1.01.01.01','Quyết định đổi tên khoa Khoa Tin học thuộc Trường Đại học Bình Dương','3','Trường ĐHBD','https://drive.google.com/file/d/12YtbxEs_-38ppMljptTtTR_AfJYh1DdG/view?usp=sharing','Số 672/QĐ-ĐHBD, ngày 21/03/2019'),(4,'H1.01.01.02','Luật Giáo dục đại học 2012','1','Quốc Hội','https://drive.google.com/file/d/1-gyDSNUsufVvrLVRnsYrusifIFvJwips/view?usp=sharing','Luật số 08/2012/QH13'),(5,'H1.01.01.02','Luật sửa đổi, bổ sung một số điều của Luật Giáo dục đại học.','2','Quốc Hội','https://drive.google.com/file/d/1NEgBy8DZvDqOuYde5FSHB_YD4l2NSDvb/view?usp=sharing','Luật số 34/2018/QH14Ngày 19/11/2018'),(6,'H1.01.01.02','Nghị định quy định chi tiết và hướng dẫn thi hành một số điều của Luật sửa đổi, bổ sung một số điều của Luật Giáo dục đại học.','3','Chính phủ','https://drive.google.com/file/d/1DREIMEwbc7PcBGk40T_l0xj4qQ_LtRU5/view?usp=sharing','Số 99/2019/NĐ-CP, ngày 30/12/2019'),(7,'H1.01.01.02','Khung trình độ Quốc gia Việt Nam','4','Chính phủ','https://drive.google.com/file/d/1qlN7cZkn1NA8iWw_WIMlKltedmJxkgYF/view?usp=sharing','Số 1982/QĐ-TTg, ngày 18/10/2016'),(8,'H1.01.01.02','Thông tư Quy định về chuẩn chương trình đào tạo; xây dựng, thẩm định và ban hành chương trình đào tạo các trình độ của giáo dục đại học;','5','Bộ GD&ĐT','https://drive.google.com/file/d/1Tt4cb64tVE2tqzL0WyzE7dIbfGFcMFBo/view?usp=sharing','Số 17/2021/TT –BGDĐT, ngày 22/6/2021'),(9,'H1.01.01.03','Quyết định về việc phê duyệt tầm nhìn, sứ mạng, giá trị cốt lõi và triết lý giáo dục của Trường Đại học Bình Dương','1','Trường ĐHBD','https://drive.google.com/file/d/1r-qu2MZbDeb1ZXgWiO1FRnyEfjCL0YJY/view?usp=sharing','Số 656/QĐ-ĐHBD, ngày 30/12/2016'),(10,'H1.01.01.03','Nghị Quyết về việc phê duyệt Tầm nhìn, Sứ mạng, và Giá trị cốt lõi/ Giá trị văn hóa của Trường Đại học Bình Dương','2','Trường ĐHBD','https://drive.google.com/file/d/1UMI_VhePn_9kTaSF3XvJLRDGey3tRBER/view?usp=sharing','Số 09/NQ-ĐHBD, ngày 31/12/2020'),(11,'H1.01.01.03','Nghị Quyết về việc phê duyệt Tầm nhìn, Sứ mạng, và Giá trị cốt lõi/ Giá trị văn hóa của Trường Đại học Bình Dương','3','Trường ĐHBD','https://drive.google.com/file/d/1sn-wvBPoi-sQ3-U9YkdfKmrAy0RAJ_gb/view?usp=sharing','Số 12/NQ-ĐHBD, ngày 26/12/2022'),(12,'H1.01.01.04','Kế hoạch chiến lược của Trường Đại học Bình Dương giai đoạn 2017-2022, tầm nhìn 2030.','1','Trường ĐHBD','https://drive.google.com/file/d/1Rh_nrVOhermwranHBauFRGvFi0vZzFOX/view?usp=sharing','Số 187/KH-ĐHBD, ngày 23/11/2017'),(13,'H1.01.01.04','Nghị quyết ban hành Chiến lược phát triển Trường ĐHBD giai đoạn 2020 - 2025, tầm nhìn đến năm 2035','2','Trường ĐHBD','https://drive.google.com/file/d/1nTw_WxmOIpsDt-QoBxdrhXJEHwXADo0f/view?usp=sharing','Số 07/NQ-ĐHBD-HĐT, ngày 31/12/2020'),(14,'H1.01.01.04','Kế hoạch chiến lược phát triển của Trường ĐHBD giai đoạn 2020 -2025, tầm nhìn đến năm 2035','3','Trường ĐHBD','https://drive.google.com/file/d/1s8f_mqNwgdJ5i-hizACI-NzYEOAV4tU7/view?usp=sharing','Số 735/KH-ĐHBD, ngày 24/12/2020'),(15,'H1.01.01.04','Kế hoạch phát triển chiến lược trung hạn giai đoạn 2019-2021','4','Trường ĐHBD','https://drive.google.com/file/d/1EKDaxhDnxuJG09AloCwqQUzxSyP8BE7p/view?usp=sharing','Số 135/KH-ĐHBD, ngày 14/1/2019'),(16,'H1.01.01.04','Kế hoạch phát triển chiến lược trung hạn, giai đoạn 2021 – 2023','5','Trường ĐHBD','https://drive.google.com/file/d/1lkrRLWqHaem-rNZG0XrlFDAxuWEQFwgz/view?usp=sharing','Số 546/KH-ĐHBD, \nngày 30/12/2021'),(17,'H1.01.01.04','Kế hoạch phát triển chiến lược trung hạn, giai đoạn 2023 – 2025','6','Trường ĐHBD','','Số 500/KH-ĐHBD, \nngày 30/12/2023'),(18,'H1.01.01.05','Quyết định ban hành CTĐT','1','Trường ĐHBD','https://drive.google.com/drive/folders/1WqoRIpWQSPcsANKINxm0YTdtUfYDJm3z?usp=drive_link','Số 794/QĐ-ĐHBD, ngày 31/08/2020\nSố 1731/QĐ-ĐHBD, ngày 31/12/2022\nSố 1860/QĐ-ĐHBD, ngày 30/08/2024'),(19,'H1.01.01.05','Bản mô tả CTĐT','2','Trường ĐHBD','https://drive.google.com/drive/folders/1t9nBHaCMAmBd4xfQvlOaaN1IY3N8g1RF?usp=drive_link','2020, 2022, 2024'),(20,'H1.01.01.05','ĐCCT HP','3','Trường ĐHBD','https://drive.google.com/drive/folders/1JtMM0IHVA53xb-IY9RtEss_Mv41g4C_W?usp=drive_link','2020, 2022, 2024'),(21,'H1.01.01.05','Ma trận kỹ năng','4','Trường ĐHBD','https://drive.google.com/drive/folders/1qp7uzLMxco3c49rMAJTfXeHdg3dQCn1i?usp=drive_link','2020, 2022, 2024'),(22,'H1.01.01.06','Kế hoạch về việc rà soát, điều chỉnh và hoàn thiện CTĐT','1','Trường ĐHBD','https://drive.google.com/drive/folders/1IqyTmQRFbD5Tx3BHAxiZWD-9e3HIudhJ?usp=drive_link','Số 125/KH-ĐHBD ngày 29/5/2018\nSố 3151/KH - ĐHBD, ngày 31/12/2019\nSố 486/KH-ĐHBD ngày 15/8/2022\nSố 1228/KH-ĐHBD ngày 22/12/2023'),(23,'H1.01.01.07','Báo cáo kết quả khảo sát NTD','','Khoa','https://drive.google.com/drive/folders/1Ir0uOwyLEx_1t5SAxgQxpSXqmNBHXTBG?usp=drive_link','2020, 2022, 2024'),(24,'H1.01.01.08','Các biên bản họp lấy ý kiến của các BLQ về CTĐT','','Khoa','https://drive.google.com/drive/folders/1z7gvFkE-s19u-U2urgllg_MgPBjQmuRR?usp=drive_link','2020, 2022, 2024'),(25,'H1.01.01.09','Bảng đối sánh CTĐT với các Trường trong nước','1','Khoa','https://drive.google.com/drive/folders/1db-Pv1vT1Ls_ZP8YOyHDhPPR_anzMaTV?usp=drive_link','2020, 2022, 2024'),(26,'H1.01.01.09','Bảng đối sánh CTĐT với các Trường nước ngoài','2','Khoa','https://drive.google.com/drive/folders/1BLWt3ZiaXA9AR_2f6ftB7_vPumVwkCbF?usp=drive_link','2020, 2022, 2024'),(27,'H1.01.01.09','Bảng đối sánh mục tiêu của các phiên bản CTĐT (năm 2020, 2022, 2024)','3','Khoa','https://drive.google.com/drive/folders/1GOQeuOc3Ccnvd3Lcc20LFfGvp3kqEt7I?usp=drive_link','2020, 2022, 2024'),(28,'H1.01.01.10','Báo cáo kết quả rà soát, cải tiến CTĐT','','Khoa','https://drive.google.com/drive/folders/1mwVGjuY73hxb-duF1ZY-lw3LqNebDyAh?usp=drive_link','2020, 2022, 2024'),(29,'H1.01.01.11','Trang TTĐT của Trường \nhttps://www.bdu.edu.vn/','1','Trường ĐHBD','https://drive.google.com/file/d/1Ds6TPMnUcTwTQGBidKnh8Q9CdsyqaT2F/view?usp=drive_link','2024'),(30,'H1.01.01.11','Quảng bá, các bản tin về CTĐT\nhttps://www.bdu.edu.vn/bdu-tv-online','2','Trường ĐHBD','https://drive.google.com/file/d/1ZJFaRpbD996jq2l-BthjVhPwqLR1fAtX/view?usp=drive_link','2024'),(31,'H1.01.01.11','Trang TTĐT của Khoa về CTĐT ngành CNTT\nhttps://www.bdu.edu.vn/','3','Khoa','https://drive.google.com/file/d/164jU9f5APAHIXzpd84jxOeUSGfMRSLIF/view?usp=drive_link','2024'),(32,'H1.01.01.11','Triết lý giáo dục của trường ĐHBD\nhttps://www.bdu.edu.vn/gioi-thieu/ve-chung-toi/triet-ly-giao-duc.html','4','Trường ĐHBD','https://drive.google.com/file/d/1ZC3N-huMib7EHcG0dsY1_liAl4MhvIMW/view?usp=drive_link','2024'),(33,'H1.01.02.01','Bản mô tả CTĐT','','Trường ĐHBD','https://drive.google.com/drive/folders/1JKiRQI2i5yXj0nu6D4SxAtpbIJqVsH6M?usp=drive_link','2020, 2022, 2024'),(34,'H1.01.02.02','Quyết định phê duyệt Khung trình độ quốc gia Việt Nam','1','Chính phủ','https://drive.google.com/file/d/1dmNkQJ2M0RySZznMjSZs4FZ5dzepKlq0/view?usp=drive_link','Số 1982/QĐ-TTg, ngày 18/10/2016'),(35,'H1.01.02.02','Thông tư ban hành Quy định về khối lượng kiến thức tối thiểu, yêu cầu về năng lực mà người học đạt được sau khi tốt nghiệp đối với mỗi trình độ đào tạo trình độ đại học, thạc sĩ, tiến sĩ.','2','Bộ GD&ĐT','https://drive.google.com/file/d/1WjhtWwovVywYJx6RkXsDk0GYnobQlwCD/view?usp=drive_link','Số 07/2015/TT-BGDDT, ngày 16/4/2015'),(36,'H1.01.02.02','Thông tư Quy định về chuẩn chương trình đào tạo; xây dựng, thẩm định và ban hành chương trình đào tạo các trình độ của giáo dục đại học;','3','Bộ GD&ĐT','https://drive.google.com/file/d/1tc9yImeJH_tU4QJaKaXFCMhMkix5xt--/view?usp=drive_link','Số 17/2021/TT –BGDĐT, ngày 22/6/2021'),(37,'H1.01.02.03','Quyết định về việc ban hành Quy định về khối lượng kiến thức tối thiểu, yêu cầu về năng lực mà người học đạt được sau khi tốt nghiệp đối với mỗi trình độ đào tạo của Giáo dục Đại học và quy trình ban hành, thẩm định, ban hành Đại học, Thạc sĩ, Tiến sĩ thuộc trường Đại học Bình Dương.','1','Trường ĐHBD','https://drive.google.com/file/d/1f7lY8V8EffRAjr3QpbZcyo53eAm3JjRl/view?usp=drive_link','Số 246/QĐ-ĐHBD, ngày 09/5/2018'),(38,'H1.01.02.03','Quyết định về việc ban hành Mẫu chương trình đào tạo thuộc Trường Đại học Bình Dương','2','Trường ĐHBD','https://drive.google.com/file/d/19iTDcOrXjeemMzK_OV11mQnq9FJFOxRJ/view?usp=drive_link','Số 965/QĐ - ĐHBD, ngày 24/4/2019'),(39,'H1.01.02.03','Quyết định về việc ban hành Quy chế về chuẩn chương trình đào tạo; xây dựng, thẩm định và ban hành chương trình đào tạo các trình độ của GDĐH','3','Trường ĐHBD','https://drive.google.com/file/d/1ebm6JKa-JRJxTL3HSFUkQgCavWvCCFzY/view?usp=drive_link','Số 560/QĐ-ĐHBD, ngày 21/06/2022'),(40,'H1.01.02.03','Quyết định về việc thay thế phụ lục 1, 2 và bổ sung phụ lục 11 của Quy định về chuẩn chương trình đào tạo; xây dựng, thẩm định và ban hành chương trình đào tạo các trình độ của giáo dục đại học theo Quyết định số 560/QĐ-ĐHBD ngày 21 tháng 6 năm 2022 của Trường Đại học Bình Dương','4','Trường ĐHBD','https://drive.google.com/file/d/1YNDfRzFhEJ-6-TMYe8wacLOgdO4yL7Z3/view?usp=drive_link','Số 32/QĐ-ĐHBD, ngày 06/01/2023'),(41,'H1.01.02.04','Quyết định ban hành CTĐT ngành CNTT','','Trường ĐHBD','https://drive.google.com/drive/folders/1JECRewnPRJ52AHPiDXq2bXdMWwyhSg2D?usp=drive_link','Số 794/QĐ-ĐHBD, ngày 31/08/2020\nSố 1731/QĐ-ĐHBD, ngày 31/12/2022\nSố 1860/QĐ-ĐHBD, ngày 30/08/2024'),(42,'H1.01.02.05','Ma trận kỹ năng','','Trường ĐHBD','https://drive.google.com/drive/folders/1J6uIpieWif7l79HQ829p9fvDN9LT_NZZ?usp=drive_link','2020, 2022, 2024'),(43,'H1.01.02.06','ĐCCT HP','','Trường ĐHBD','https://drive.google.com/drive/folders/1uNEWHv7tr72FBnQjqSwmxfkNWhKkGyXZ?usp=drive_link','2020, 2022, 2024'),(44,'H1.01.02.07','Các biên bản họp lấy ý kiến của các bên liên quan về CTĐT','','Khoa','https://drive.google.com/drive/folders/18RGv7gV9yb3jY3wE6DmBGq7eK_INbrig?usp=drive_link','2020, 2022, 2024'),(45,'H1.01.02.08','Quảng bá, các bản tin về CTĐT\nhttps://www.bdu.edu.vn/bdu-tv-online','1','Trường ĐHBD','https://drive.google.com/file/d/1LXJJ1svur-UpBflQ6Tr8KX-ml21J3gKn/view?usp=drive_link','2024'),(46,'H1.01.02.08','Trang TTĐT Khoa về CTĐT ngành CNTT\nhttps://www.bdu.edu.vn/','2','Khoa','https://drive.google.com/file/d/1vIZ7TOntsuXNZirmypHermH9aGkp7yBh/view?usp=drive_link','2024'),(47,'H1.01.03.01','Kế hoạch về việc rà soát, điều chỉnh và hoàn thiện CTĐT','','Trường ĐHBD','https://drive.google.com/drive/folders/1JcBNw5s2JQM3MMuKwXHBjG_zc79MKYeu?usp=drive_link','Số 125/KH-ĐHBD, ngày 29/5/2018\nSố 3151/KH - ĐHBD, ngày 31/12/2019\nSố 486/KH-ĐHBD, ngày 15/8/2022\nSố 1228/KH-ĐHBD, ngày 22/12/2023'),(48,'H1.01.03.02','Quyết định về việc ban hành Quy định về khối lượng kiến thức tối thiểu, yêu cầu về năng lực mà người học đạt được sau khi tốt nghiệp đối với mỗi trình độ đào tạo của Giáo dục Đại học và quy trình ban hành, thẩm định, ban hành Đại học, Thạc sĩ, Tiến sĩ thuộc trường Đại học Bình Dương.','1','Trường ĐHBD','https://drive.google.com/file/d/1T3FfUjonlpDmDEemeVSHc2eKfuYl0rBQ/view?usp=drive_link','Số 246/QĐ-ĐHBD, ngày 09/05/2018'),(49,'H1.01.03.02','Quyết định về việc ban hành Mẫu chương trình đào tạo thuộc Trường Đại học Bình Dương','2','Trường ĐHBD','https://drive.google.com/file/d/1VgkgaTq7xGOipwQOCXLMR-XhOzGN-iDR/view?usp=drive_link','Số 965/QĐ - ĐHBD, ngày 24/4/2019'),(50,'H1.01.03.02','Quyết định về việc ban hành Quy chế về chuẩn chương trình đào tạo; xây dựng, thẩm định và ban hành chương trình đào tạo các trình độ của GDĐH','3','Trường ĐHBD','https://drive.google.com/file/d/11yP2YWNXvdwIMvHU5CRXI4ND7dAZg00Y/view?usp=drive_link','Số 560/QĐ-ĐHBD, ngày 21/6/2022'),(51,'H1.01.03.02','Quyết định về việc thay thế phụ lục 1, 2 và bổ sung phụ lục 11 của Quy định về chuẩn chương trình đào tạo; xây dựng, thẩm định và ban hành chương trình đào tạo các trình độ của giáo dục đại học theo Quyết định số 560/QĐ-ĐHBD ngày 21 tháng 6 năm 2022 của Trường Đại học Bình Dương','4','Trường ĐHBD','https://drive.google.com/file/d/1ftV2zAjuB5v7mQH0IDInzupGF4W-emNr/view?usp=drive_link','Số 32/QĐ-ĐHBD, ngày 06/01/2023'),(52,'H1.01.03.03','Các biên bản họp lấy ý kiến của các bên liên quan về CTĐT','','Khoa','https://drive.google.com/drive/folders/1JVaC3Cf_UtSSqoJbeMIBKqWR3zFsvuuD?usp=drive_link','2020, 2022, 2024'),(53,'H1.01.03.04','Mẫu khảo sát NTD','1','Khoa','https://drive.google.com/drive/folders/1qXrWlkngswt7ptIqP1F2S2NftbLgmXzF?usp=drive_link','2020, 2022, 2024'),(54,'H1.01.03.04','Báo cáo kết quả khảo sát NTD','2','Khoa','https://drive.google.com/drive/folders/1go6xJpAdDWoovVO6yKVjdWxYwQUAYclJ?usp=drive_link','2020, 2022, 2024'),(55,'H1.01.03.05','Bảng đối sánh CTĐT với các Trường trong nước','1','Khoa','https://drive.google.com/drive/folders/1y-UQI08RgqlAlUvWXTlcEjo6lWB-UPwJ?usp=drive_link','2020, 2022, 2024'),(56,'H1.01.03.05','Bảng đối sánh CTĐT với các Trường nước ngoài','2','Khoa','https://drive.google.com/drive/folders/1egjXQ89IIlqStaiTAUH55do6X7olJYt5?usp=drive_link','2020, 2022, 2024'),(57,'H1.01.03.05','Bảng đối sánh mục tiêu của các phiên bản CTĐT','3','Khoa','https://drive.google.com/drive/folders/1RTxDFFfhL_COcHy6mkLvDpuNk-3A1egG?usp=drive_link','2020, 2022, 2024'),(58,'H1.01.03.06','Biên bản của Hội đồng thẩm định CTĐT','','Khoa','https://drive.google.com/drive/folders/1JOAqZjgJGBgmvfpj_pY8S6G1tLbz_RzD?usp=drive_link','2020, 2022, 2024'),(59,'H1.01.03.07','Bản mô tả CTĐT','','Trường ĐHBD','https://drive.google.com/drive/folders/1JNVvRtBOxI7maRc6sh1_A9yvSCIZeVzq?usp=drive_link','2020, 2022, 2024'),(60,'H1.01.03.08','ĐCCT HP','','Khoa','https://drive.google.com/drive/folders/1711A-lzY8K8kvEoJvEcAzGkQkEdlnMf5?usp=drive_link','2020, 2022, 2024'),(61,'H1.01.03.09','Ma trận kỹ năng','','Khoa','https://drive.google.com/drive/folders/1Df1oVcswBVp2gtmQ8QplRuWaepFvfq7h?usp=drive_link','2020, 2022, 2024'),(62,'H1.01.03.10','Báo cáo thực hiện công khai năm học hằng năm','','Trường ĐHBD','','2019-2024'),(63,'H1.01.03.11','Tài liệu tuyển sinh (trong đó có nội dung quảng bá CTĐT)\n- Cẩm nang tuyển sinh 2019 – 2024\n- Trang chuyên tuyển sinh: https://xettuyenonline.bdu.edu.vn/','','Trường ĐHBD','https://drive.google.com/drive/folders/1PXL2TkLMHIovV2tXM_Uo-mZAO0RJQUOp?usp=drive_link','2019-2024'),(64,'H1.01.03.12','Trang TTĐT quảng bá, các bản tin về CTĐT\nhttps://www.bdu.edu.vn/bdu-tv-online','1','Trường ĐHBD','https://drive.google.com/file/d/1GHJmklgJyYA8-iwWp0m6qDhm4LZuAcFG/view?usp=drive_link','2024'),(65,'H1.01.03.12','Trang TTĐT của Khoa về CTĐT ngành CNTT\nhttps://www.bdu.edu.vn/','2','Khoa','https://drive.google.com/file/d/1ypJMQzAn7krdm8GDfJuGFoQnQFNX98f2/view?usp=drive_link','2024'),(66,'H1.01.03.13','Các biên bản họp và tài liệu lưu trữ về hoạt động rà soát CTĐT','','Khoa','https://drive.google.com/drive/folders/1yMPX-KpWBHnR3uhDZ5waFa_9oMM7Uii5?usp=drive_link','2019-2024'),(67,'H2.02.01.01','Quyết định về việc ban hành Quy định về khối lượng kiến thức tối thiểu, yêu cầu về năng lực mà người học đạt được sau khi tốt nghiệp đối với mỗi trình độ đào tạo của Giáo dục Đại học và quy trình ban hành, thẩm định, ban hành Đại học, Thạc sĩ, Tiến sĩ thuộc trường Đại học Bình Dương','1','Trường ĐHBD','https://drive.google.com/file/d/1cDnVWrohrkd3h4Z6wDu9o_PIOK6KETjP/view?usp=drive_link','Số 246/QĐ-ĐHBD, ngày 09/5/2018'),(68,'H2.02.01.01','Quyết định về việc ban hành Mẫu chương trình đào tạo thuộc Trường Đại học Bình Dương','2','Trường ĐHBD','https://drive.google.com/file/d/1akQARC-51DzDqPSJarcX26TvZAQteHPI/view?usp=drive_link','Số 965/QĐ - ĐHBD, ngày 24/4/2019'),(69,'H2.02.01.01','Quyết định về việc ban hành và áp dụng các học phần Lý luận chính trị đối với chương trình đào tạo các ngành không chuyên về lý luận chính trị','3','Trường ĐHBD','https://drive.google.com/file/d/1YN5JX-9UfNueWMOKmRMqXPjEA9853hqE/view?usp=drive_link','Số 2120/QĐ-ĐHBD, ngày 07/8/2019'),(70,'H2.02.01.01','Quyết định về việc ban hành và áp dụng các học phần Giáo dục Quốc phòng và an ninh đối với chương trình đào tạo trình độ đại học các ngành','4','Trường ĐHBD','https://drive.google.com/file/d/13IMNOJrku1ZF6HxpSwBuZQEkYkUL7Nx0/view?usp=drive_link','Số 1152/QĐ-ĐHBD, ngày 26/11/2021'),(71,'H2.02.01.01','Quyết định về việc ban hành Quy chế về chuẩn chương trình đào tạo; xây dựng, thẩm định và ban hành chương trình đào tạo các trình độ của GDĐH','5','Trường ĐHBD','https://drive.google.com/file/d/1R6ziJsPQIddjm8pC8SrBT5mxAvPIMfux/view?usp=drive_link','Số 560/QĐ-ĐHBD, ngày 21/6/2022'),(72,'H2.02.01.01','Quyết định về việc thay thế phụ lục 1, 2 và bổ sung phụ lục 11 của Quy định về chuẩn chương trình đào tạo; xây dựng, thẩm định và ban hành chương trình đào tạo các trình độ của giáo dục đại học theo Quyết định số 560/QĐ-ĐHBD ngày 21 tháng 6 năm 2022 của Trường Đại học Bình Dương','6','Trường ĐHBD','https://drive.google.com/file/d/1vDz3XA4y-Zk9D91O84iEhn8r4tpZUNRR/view?usp=drive_link','Số 32/QĐ-ĐHBD, ngày 06/01/2023'),(73,'H2.02.01.01','Quyết định về việc ban hành quy chế đào tạo đại học, cao đẳng theo hệ thống tín chỉ của Trường.','7','Trường ĐHBD','https://drive.google.com/file/d/1ebslBSpM9U6fs-_q2UfepZGSshY8JwDq/view?usp=drive_link','Số 200/QĐ-ĐHBD, ngày 14/05/2014'),(74,'H2.02.01.01','Quyết định ban hành Quy định về tỉ lệ điểm đánh giá học phần đối với sinh viên trình độ đại học, cao đẳng chính quy đào tạo theo hệ thống tín chỉ','8','Trường ĐHBD','https://drive.google.com/file/d/1aCPWA9IXxpx6Yi52ZRgRmlFCi7vW8MCJ/view?usp=drive_link','Số 1072/QĐ-ĐHBD, ngày 08/5/2019'),(75,'H2.02.01.01','Quyết định ban hành Quy chế đào tạo trình độ đại học theo tín chỉ của Trường Đại học Bình Dương.','9','Trường ĐHBD','https://drive.google.com/file/d/174JOarT2paSPhsQkC0tMKXF3RO6ZMUyb/view?usp=drive_link','Số 614/QĐ-ĐHBD, ngày 14/7/2022'),(76,'H2.02.01.01','Quyết định về việc ban hành hướng dẫn PPGD và đánh giá HP của Trường ĐHBD','10','Trường ĐHBD','https://drive.google.com/file/d/1FrYOFXmt6LurLct7K4Sys2v7FPnO1kJK/view?usp=drive_link','Số 468/QĐ-ĐHBD, ngày 21/3/2023'),(77,'H2.02.01.02','Quyết định ban hành Chương trình đào tạo ngành CNTT kèm ĐCCT','','Trường ĐHBD','https://drive.google.com/drive/folders/1K9KFY010TqMv1tRF3asZU9GXi32-Rclz?usp=drive_link','Số 794/QĐ-ĐHBD, ngày 31/08/2020\nSố 1731/QĐ-ĐHBD, ngày 31/12/2022\nSố 1860/QĐ-ĐHBD, ngày 30/08/2024'),(78,'H2.02.01.03','Bản mô tả CTĐT','','Khoa','https://drive.google.com/drive/folders/1K8PQD-uRekHIxjy-ZHTFwrFpkPNptRZj?usp=drive_link','2020, 2022, 2024'),(79,'H2.02.01.04','Quyết định phê duyệt Khung trình độ quốc gia Việt Nam','1','Chính phủ','https://drive.google.com/file/d/1LaNrb8vMgAj-7iHOvFWIf-MT44jQdxz1/view?usp=drive_link','Số 1982/QĐ-TTg, ngày 18/10/2016'),(80,'H2.02.01.04','Thông tư ban hành về Quy định khối lượng kiến thức tối thiểu, yêu cầu về năng lực mà người học đạt được sau khi tốt nghiệp đối với mỗi trình độ đào tạo của Giáo dục Đại học và quy trình ban hành, thẩm định, ban hành Đại học, Thạc sĩ, Tiến sĩ','2','Bộ GD&ĐT','https://drive.google.com/file/d/1ovPJQyLgy_c8pH8vzmcSO1y2I2ZG1fiZ/view?usp=drive_link','Số 07/2015/TT-BGDĐT, 16/4/2015'),(81,'H2.02.01.04','Quy định về chuẩn CTĐT; xây dựng, thẩm định, ban hành CTĐT các trình độ giáo dục đại học','3','Bộ GD&ĐT','https://drive.google.com/file/d/14JS4L_8qWiinMpvERgLAGQBkZtMLPF_V/view?usp=drive_link','Số 17/2021/TT-BGDĐT, ngày 22/6/2021'),(82,'H2.02.01.05','Kế hoạch về việc rà soát, điều chỉnh và hoàn thiện CTĐT','','Trường ĐHBD','https://drive.google.com/drive/folders/1K6813f9faqn7ChbeN1vPZ44Gfr7EKIWo?usp=drive_link','Số 125/KH-ĐHBD, ngày 29/5/2018\nSố 3151/KH - ĐHBD, ngày 31/12/2019\nSố 486/KH-ĐHBD, ngày 15/8/2022\nSố 1228/KH-ĐHBD, ngày 22/12/2023'),(83,'H2.02.01.06','ĐCCT HP','','Khoa','https://drive.google.com/drive/folders/1K5ZntP-6KKiwwJwVR0cRakru6iQkDvE5?usp=drive_link','2020, 2022, 2024'),(84,'H2.02.01.07','Quyết định về việc thành lập Ban chỉ đạo, Ban thư ký, Ban soạn thảo chương trình đào tạo thuộc trường Đại học Bình Dương.','1','Trường ĐHBD','https://drive.google.com/file/d/1ojJl7sNbfzrA_-0DjdgoeGrS26D4DJSV/view?usp=drive_link','Số 472/QĐ - ĐHBD, ngày 12/7/2018.'),(85,'H2.02.01.07','Quyết định về việc thành lập Ban chỉ đạo, Ban thư ký, Ban soạn thảo chương trình đào tạo thuộc trường Đại học Bình Dương.','2','Trường ĐHBD','https://drive.google.com/file/d/1zeJv6ux9kvvZtM2LUPnWgW3-itZIrHi8/view?usp=drive_link','Số 140 /QĐ - ĐHBD, ngày\n06/3/2020'),(86,'H2.02.01.07','Quyết định về việc thành lập Ban chỉ đạo, Ban thư ký, Hội đồng xây dựng chương trình đào tạo thuộc Trường Đại học Bình Dương','3','Trường ĐHBD','https://drive.google.com/file/d/19I2yuwfXxk8XzcN5kmJthaksPAPvzZj4/view?usp=drive_link','Số 822/QĐ-ĐHBD, ngày 02/8/2022'),(87,'H2.02.01.07','Quyết định về việc thành lập Hội đồng xây dựng chương trình đào tạo của các trình độ giáo dục đại học thuộc Trường Đại học Bình Dương','4','Trường ĐHBD','https://drive.google.com/file/d/1G6cQnBOEHsI_TxEg12APwv80-iGIJMHb/view?usp=drive_link','Số 2184/QĐ-ĐHBD, ngày 25/12/2023'),(88,'H2.02.01.07','Biên bản họp về hoạt động rà soát, điều chỉnh CTĐT','5','Khoa','https://drive.google.com/drive/folders/1EferS51XJE2OYSLe6_QRDyUV5UU6GnZn?usp=drive_link','2020, 2022, 2024'),(89,'H2.02.01.07','Biên bản họp lấy ý kiến các bên liên quan về rà soát, cập nhật về CTĐT','6','Khoa','https://drive.google.com/drive/folders/1IPjpu7IPo7BvTtUfzGL90_Cr_17ttQty?usp=drive_link','2020, 2022, 2024'),(90,'H2.02.01.08','Báo cáo kết quả rà soát, cải tiến CTĐT','','Khoa','https://drive.google.com/drive/folders/14G1RH-IZibp7YoI39zK09u_k9pFzLDFa?usp=drive_link','2020, 2022, 2024'),(91,'H2.02.01.09','- Tài liệu tuyển sinh (trong đó có nội dung quảng bá CTĐT)\n- Cẩm nang tuyển sinh 2024: \n- Chuyên trang tuyển sinh: https://tuyensinh.bdu.edu.vn/','1','Trường\nĐHBD','https://drive.google.com/drive/folders/1xrQmYulXVKNynQno3S8EEjTnzdXSNjxa?usp=drive_link','2019-2024'),(92,'H2.02.01.09','Tài liệu sinh hoạt công dân HS-SV đầu khóa (trong đó có nội dung quảng bá CTĐT)','2','Khoa','https://drive.google.com/drive/folders/1xrQmYulXVKNynQno3S8EEjTnzdXSNjxa?usp=drive_link','2019-2024'),(93,'H2.02.01.09','Sổ tay sinh viên\nhttps://daotao.bdu.edu.vn/sinh-vien/hoat-dong-sinh-vien/so-tay-sinh-vien','3','Trường ĐHBD','https://drive.google.com/drive/folders/1xrQmYulXVKNynQno3S8EEjTnzdXSNjxa?usp=drive_link','2024'),(94,'H2.02.01.10','Trang TTĐT của Trường về CTĐT\nhttps://www.bdu.edu.vn/','1','Trường ĐHBD','https://drive.google.com/drive/folders/1ILaVIjpEV2QDgae9SLBgbuA7-LGPwZiQ?usp=drive_link','2024'),(95,'H2.02.01.10','Quảng bá, các bản tin về CTĐT','2','Trường ĐHBD','https://drive.google.com/drive/folders/1ILaVIjpEV2QDgae9SLBgbuA7-LGPwZiQ?usp=drive_link','2024'),(96,'H2.02.01.10','Trang TTĐT của về CTĐT ngành CNTT','3','Khoa','https://drive.google.com/drive/folders/1ILaVIjpEV2QDgae9SLBgbuA7-LGPwZiQ?usp=drive_link','2024'),(97,'H2.02.02.01','Quyết định về việc ban hành Quy định về khối lượng kiến thức tối thiểu, yêu cầu về năng lực mà người học đạt được sau khi tốt nghiệp đối với mỗi trình độ đào tạo của Giáo dục Đại học và quy trình ban hành, thẩm định, ban hành Đại học, Thạc sĩ, Tiến sĩ thuộc trường Đại học Bình Dương.','1','Trường ĐHBD','https://drive.google.com/file/d/1lCo-1gYqNeq7WODAdnu6zMRS-bP4q57z/view?usp=drive_link','Số 246/QĐ-ĐHBD, ngày 09/5/2018'),(98,'H2.02.02.01','Quyết định về việc ban hành Mẫu chương trình đào tạo thuộc Trường Đại học Bình Dương','2','Trường ĐHBD','https://drive.google.com/file/d/12I6gEb8iUptkUtnZPm-FIsKaTaf9X-a_/view?usp=drive_link','Số 965/QĐ - ĐHBD, ngày 24/4/2019'),(99,'H2.02.02.01','Quyết định về việc ban hành và áp dụng các học phần Lý luận chính trị đối với chương trình đào tạo các ngành không chuyên về lý luận chính trị','3','Trường ĐHBD','https://drive.google.com/file/d/1aKiKYa2ZMavWSmyOyo89ia9L2lyDX3Cz/view?usp=drive_link','Số 2120/QĐ-ĐHBD, ngày 07/8/2019'),(100,'H2.02.02.01','Quyết định về việc ban hành và áp dụng các học phần Giáo dục Quốc phòng và an ninh đối với chương trình đào tạo trình độ đại học các ngành','4','Trường ĐHBD','https://drive.google.com/file/d/1Mkiq61iWflEW-H7JUgcxFiR6be0F-ohy/view?usp=drive_link','Số 1152/QĐ-ĐHBD, ngày 26/11/2021'),(101,'H2.02.02.01','Quyết định về việc ban hành Quy chế về chuẩn chương trình đào tạo; xây dựng, thẩm định và ban hành chương trình đào tạo các trình độ của GDĐH','5','Trường ĐHBD','https://drive.google.com/file/d/1VAkKW8d8TQXCi4-uAULbbaSHxGyyA-_q/view?usp=drive_link','Số 560/QĐ-ĐHBD, ngày 21/6/2022'),(102,'H2.02.02.02','ĐCCT HP','','Trường ĐHBD','https://drive.google.com/drive/folders/1K0VvbwuiDDFAnM0lIniWf44vOmql_-Zv?usp=drive_link','2020, 2022, 2024'),(103,'H2.02.02.03','Kế hoạch về việc rà soát, điều chỉnh và hoàn thiện CTĐT','','Trường ĐHBD','https://drive.google.com/drive/folders/1JvWgZCjKSKQCBCQxV_G8L14r7tcgUpYE?usp=drive_link','Số 125/KH-ĐHBD, ngày 29/5/2018\nSố 3151/KH - ĐHBD, ngày 31/12/2019\nSố 486/KH-ĐHBD, ngày 15/8/2022\nSố 1228/KH-ĐHBD, ngày 22/12/2023'),(104,'H2.02.02.04','Quyết định ban hành CTĐT ngành CNTT','','','https://drive.google.com/drive/folders/1KApZcWPsvIBNjcaN2JK7qf692vEhT1Fp?usp=drive_link','Số 794/QĐ-ĐHBD, ngày 31/08/2020\nSố 1731/QĐ-ĐHBD, ngày 31/12/2022\nSố 1860/QĐ-ĐHBD, ngày 30/08/2024'),(105,'H2.02.02.05','Bản mô tả CTĐT','','Trường ĐHBD','https://drive.google.com/drive/folders/1JuhXQ6cerRjq0ZlWrlW4pFUqczbHFdi1?usp=drive_link','2020, 2022, 2024'),(106,'H2.02.02.06','Đối sánh ĐCCT','','Khoa','https://drive.google.com/drive/folders/1KAHWHjBfIax8WAZuHtRSRgJlf50aLl1y?usp=drive_link','2020, 2022, 2024'),(107,'H2.02.02.07','Danh mục sách bổ sung','','TT. LT&TV','https://drive.google.com/drive/folders/1Js881I8B5YPET5Kfw-mml_Mqt3bLu5Ec?usp=drive_link','2019-2024'),(108,'H2.02.02.08','Biên bản họp về việc rà soát, cập nhật ĐCCT','1','Khoa','https://drive.google.com/drive/folders/14m4b1hwN7F5BtFoflzM1_DOzhbQDsz5D?usp=drive_link','2020, 2022, 2024'),(109,'H2.02.02.08','Biên bản họp lấy ý kiến các bên liên quan về rà soát, cập nhật về ĐCCT','2','Khoa','https://drive.google.com/drive/folders/1kh441CYt5Ggc4OfCJkbU5TOKVcY2PA4G?usp=drive_link','2020, 2022, 2024'),(110,'H2.02.02.09','Hồ sơ môn học','','Khoa','https://drive.google.com/drive/folders/14LlThUI9S9X7WRRleRBrmrPa0AmxOC2M?usp=drive_link','2021-2022'),(111,'H2.02.02.10','Trang TTĐT của Trường','1','Trường ĐHBD','https://drive.google.com/file/d/1vpY81B_sCAQrJy_MfFpAiHwqAo2-lXOc/view?usp=drive_link','2024'),(112,'H2.02.02.10','Trang TTĐT của  Khoa Công nghệ thông tin, Robot và Trí tuệ nhân tạo','2','Khoa','https://drive.google.com/file/d/1tnNhIJPUsKSoCVzbY5lPX2ybg896zra3/view?usp=drive_link','2024'),(113,'H2.02.02.11','Cẩm nang tuyển sinh (trong đó có nội dung quảng bá CTĐT)\nhttps://camnangtuyensinh.bdu.edu.vn\n- Chuyên trang tuyển sinh: https://tuyensinh.bdu.edu.vn/','1','Trường ĐHBD','https://drive.google.com/drive/folders/1e-BWx-ldDz7qnSV2zeq5BjXjQwn3eCTk?usp=drive_link','2019- 2024'),(114,'H2.02.02.11','Tài liệu sinh hoạt công dân HS-SV đầu khóa (trong đó có nội dung quảng bá CTĐT)','2','Khoa','https://drive.google.com/drive/folders/1e-BWx-ldDz7qnSV2zeq5BjXjQwn3eCTk?usp=drive_link','2019- 2024'),(115,'H2.02.03.01','Quyết định ban hành CTĐT ngành CNTT','','Trường ĐHBD','https://drive.google.com/drive/folders/1JrPJTCf5DU9fPtKCQDxjfxGd2JaUuUyk?usp=drive_link','Số 794/QĐ-ĐHBD, ngày 31/08/2020\nSố 1731/QĐ-ĐHBD, ngày 31/12/2022\nSố 1860/QĐ-ĐHBD, ngày 30/08/2024'),(116,'H2.02.03.02','Bản mô tả CTĐT','','Trường ĐHBD','https://drive.google.com/drive/folders/1Jr05Q-uhQINigZdAr7zwGtmrQ29EM6Am?usp=drive_link','2020, 2022, 2024'),(117,'H2.02.03.03','ĐCCT HP','','Khoa','https://drive.google.com/drive/folders/1Jqa4D674PVfNwGPi8ae_lTdKOGQR7etw?usp=drive_link','2020, 2022, 2024'),(118,'H2.02.03.04','Trang TTĐT của Trường, của Khoa','1','Trường ĐHBD','https://drive.google.com/file/d/1dX2Ve_o0OlQaS1MVkFaOES9ggZOoBJy4/view?usp=drive_link','2024'),(119,'H2.02.03.04','Cổng thông tin sinh viên, tài khoản sinh viên','2','','https://drive.google.com/file/d/1R2ACxXtL-UpSpGVXG01tTNkUQcKvntIQ/view?usp=drive_link','2024'),(120,'H2.02.03.05','Cẩm nang tuyển sinh (trong đó có nội dung quảng bá CTĐT)','1','Trường ĐHBD','https://drive.google.com/drive/folders/1Yd92-Ie0fJBn8_uvtT534siCwQlq4iMV?usp=drive_link','2019-2024'),(121,'H2.02.03.05','Tài liệu sinh hoạt công dân HS-SV đầu khóa (trong đó có nội dung quảng bá CTĐT)','2','Khoa','https://drive.google.com/drive/folders/1Yd92-Ie0fJBn8_uvtT534siCwQlq4iMV?usp=drive_link','2019-2024'),(122,'H2.02.03.05','Sổ tay sinh viên','3','','https://drive.google.com/drive/folders/1Yd92-Ie0fJBn8_uvtT534siCwQlq4iMV?usp=drive_link',''),(123,'H2.02.03.06','Báo cáo công khai năm học hằng năm','','Trường ĐHBD','https://drive.google.com/drive/folders/1UqMU-vmI18LOsyeDG4pHvP06pd-gDolp?usp=drive_link','2019-2024'),(124,'H2.02.03.07','Hồ sơ môn học','','Khoa','https://drive.google.com/drive/folders/1c1ziD4crn7XjEDnCGCZBQNHeh99uKRM1?usp=drive_link','2021-2022'),(125,'H2.02.03.08','Công khai tại Khoa','1','Trường ĐHBD','','2024'),(126,'H2.02.03.08','Công khai trên Thư viện điện tử','2','Trường ĐHBD','','2024'),(127,'H2.02.03.08','Công khai trên MS Team','3','Trường ĐHBD','','2024'),(128,'H2.02.03.09','Công khai tại Khoa','1','Trường ĐHBD','','2024'),(129,'H2.02.03.09','Công khai trên Thư viện','2','Trường ĐHBD','','2024'),(130,'H2.02.03.10','Biên bản họp về việc rà soát, cập nhật ĐCCT','1','Khoa','https://drive.google.com/drive/folders/1rFxO_NkFH8X5smGcK5ZwcYGFfSpU_ITb?usp=drive_link','2020, 2022, 2024'),(131,'H2.02.03.10','Biên bản họp lấy ý kiến các bên liên quan về rà soát, cập nhật về ĐCCT','2','Khoa','https://drive.google.com/drive/folders/19ID1_au66cnx63FjyorblGKZ4BtcrqC_?usp=drive_link','2020, 2022, 2024'),(132,'H3.03.01.01','Quyết định ban hành CTĐT ngành CNTT','','Trường ĐHBD','https://drive.google.com/file/d/1vO53R4SMmdtgymqfVc70Pn-bSGeIo42l/view?usp=sharing\nhttps://drive.google.com/file/d/1wlFdv0NcnGsuGppeIclge2yObCeS060l/view?usp=sharing','Số 794/QĐ-ĐHBD, ngày 31/08/2020\nSố 1731/QĐ-ĐHBD, ngày 31/12/2022\nSố 1860/QĐ-ĐHBD, ngày 30/08/2024'),(133,'H3.03.01.02','Quyết định phê duyệt Khung trình độ quốc gia Việt Nam','1','Chính phủ','https://drive.google.com/file/d/1nN1LSXSewsFvIpgcCkZfMYg0-c3Xk7_l/view?usp=sharing','Số 1982/QĐ-TTg, ngày 18/10/2016'),(134,'H3.03.01.02','Thông tư ban hành Quy định về khối lượng kiến thức tối thiểu, yêu cầu về năng lực mà người học đạt được sau khi tốt nghiệp đối với mỗi trình độ đào tạo trình độ đại học, thạc sĩ, tiến sĩ','2','Bộ GD&ĐT','https://drive.google.com/file/d/10GZWiWXJfC2xF0cuEJTI2ksQv59t9z1h/view?usp=sharing','Số 07/2015/TT-BGDDT, ngày 16/4/2015'),(135,'H3.03.01.02','Thông tư Quy định về chuẩn chương trình đào tạo; xây dựng, thẩm định và ban hành chương trình đào tạo các trình độ của giáo dục đại học','3','Bộ GD&ĐT','https://drive.google.com/file/d/1JAn4Pcknke8m1Xpo84FlQya_CHPPqXYs/view?usp=sharing','Số 17/2021/TT –BGDĐT, ngày 22/6/2021'),(136,'H3.03.01.03','Bản mô tả CTĐT','','Trường ĐHBD','https://drive.google.com/drive/folders/1S-Dqytjz2BWhKdbzU0_Xy7piodH-S8EV?usp=sharing','2019-2024'),(137,'H3.03.01.04','ĐCCT HP','','Trường ĐHBD','https://drive.google.com/drive/folders/1h6weiRLZIIwagPMw7bIch7VmSR5E0Jhq?usp=sharing','2024'),(138,'H3.03.01.05','Ma trận kỹ năng','','Trường ĐHBD','https://drive.google.com/drive/folders/1Wanx7ZzARvJUKmxOtPqhM6TqYUxRnjO1?usp=sharing','2024'),(139,'H3.03.01.06','Bản mô tả CTĐT (Phần các PPGD, KTĐG của CTDH)','','Trường ĐHBD','https://drive.google.com/drive/folders/15wqM3gkYNW45Khld9m7Bs4lXxIBh0QEA?usp=sharing','2022, 2024'),(140,'H3.03.01.06','Bản mô tả CTĐT (Phần kế hoạch thực hiện CTDH)','','Trường ĐHBD','https://drive.google.com/drive/folders/1XMPaqF0Pa355NQ-GIuigQUaJGuOhbr-M?usp=sharing','2019-2024'),(141,'H3.03.01.07','Hướng dẫn tự học','','Trường ĐHBD','https://drive.google.com/drive/folders/1_3GPKIV-gx9KngPFDrb4F-ryh33AHq5p?usp=sharing','2021-2022'),(142,'H3.03.01.08','Quyết định về việc ban hành quy chế đào tạo đại học, cao đẳng theo hệ thống tín chỉ của Trường.','1','Trường ĐHBD','https://drive.google.com/drive/folders/1efl36eFV0LiefxpqGO13Y8sybMnC1dd8?usp=sharing','Số 200/QĐ-ĐHBD, ngày 14/05/2014\nSố 614/QĐ-ĐHBD, ngày 14/7/2022'),(143,'H3.03.01.08','Quyết định ban hành Quy định về tỉ lệ điểm đánh giá học phần đối với sinh viên trình độ đại học, cao đẳng chính quy đào tạo theo hệ thống tín chỉ.','2','Trường ĐHBD','https://drive.google.com/file/d/1uRsOoP56v761j8N5HZBB_586R0sMJQEF/view?usp=sharing','Số 1072/QĐ-ĐHBD, ngày 08/5/2019'),(144,'H3.03.01.08','Quyết định ban hành Quy định công tác tổ chức thi và chấm thi kết thúc học phần trình độ cao đẳng, đại học, sau đại học của Trường Đại học Bình Dương.','3','Trường ĐHBD','https://drive.google.com/file/d/17s3pv9xk_iMFqV3Uk_0wyj2LEtSzPxsb/view?usp=sharing','Số 300/QĐ-ĐHBD, ngày 01/06/2018'),(145,'H3.03.01.08','Quyết định ban hành Quy định công tác tổ chức thi và chấm thi kết thúc học phần trình độ cao đẳng, đại học, sau đại học của Trường Đại học Bình Dương.','4','Trường ĐHBD','https://drive.google.com/file/d/166bJQDebX_QzOAUZZJXFREfX--c6y36q/view?usp=sharing','Số 704/QĐ-ĐHBD, ngày 01/8/2022'),(146,'H3.03.01.09','Đề án tuyển sinh hằng năm','','Trường ĐHBD','https://drive.google.com/drive/folders/14WKXS6orkng1Wn_OKSGCHQtiVFOabx5s?usp=sharing','2019-2024'),(147,'H3.03.01.10','Rubrics đánh giá môn học ngành CNTT','','Khoa','https://drive.google.com/file/d/174SshCkmlxChBzuZ3gFd14ju951EbePw/view?usp=sharing','2024'),(148,'H3.03.01.11','Mẫu khảo sát (NTD, CNH, NH)','1','Khoa','','2019-2024'),(149,'H3.03.01.11','Báo cáo kết quả KS (NTD, CNH, NH)','2','Khoa','https://drive.google.com/drive/folders/1xi3ORTU7paJ5v3kvAsNH4uRzOm7bGc1t?usp=sharing','2020, 2022, 2024'),(150,'H3.03.01.12','Quyết định về việc thành lập Hội đồng xây dựng chương trình đào tạo thuộc Trường Đại học Bình Dương','1','Trường ĐHBD','https://drive.google.com/file/d/116nveUNBroRjpAEDAqc6pvDfQHrr4ljG/view?usp=sharing','Số 822/QĐ-ĐHBD, ngày 02/8/2022'),(151,'H3.03.01.12','Biên bản họp về việc rà soát, cập nhật ĐCCT, CTĐT','2','Khoa','https://drive.google.com/file/d/174SshCkmlxChBzuZ3gFd14ju951EbePw/view?usp=sharing','2020, 2022, 2024'),(152,'H3.03.01.12','Biên bản họp lấy ý kiến các bên liên quan về rà soát, cập nhật về ĐCCT','3','Khoa','https://drive.google.com/drive/folders/13LZpdDVZBdQUkR1i2CYFCvSxbTYNRMjs?usp=sharing','2020, 2022, 2024'),(153,'H3.03.01.13','Báo cáo kết quả rà soát, cải tiến CTĐT','','Khoa','https://drive.google.com/drive/folders/1WytH2H6cqMfyQjvHz1MAA_VgYrn4OO6H?usp=sharing','2019-2024'),(154,'H3.03.01.14','Biên bản của Hội đồng thẩm định CTĐT','','Khoa','https://drive.google.com/drive/folders/1TOFDp7rIQiJ47JdPw6zsts0rjxgFQnrh?usp=sharing','2020, 2022, 2024'),(155,'H3.03.02.01','Bản mô tả CTĐT (Phần CĐR)','','Trường ĐHBD','https://drive.google.com/file/d/1CN8KM6dCKNpL0hGieJwoFdA_FAOfdQwu/view?usp=sharing','2024'),(156,'H3.03.02.02','Bản mô tả CTĐT (Ma trận mối quan hệ giữa các HP và CĐR của CTĐT)','','Trường ĐHBD','https://drive.google.com/drive/folders/1-ap06f7wURq14JWa_6ZYBbNQ6GilNWuA?usp=sharing','2024'),(157,'H3.03.02.03','Bản mô tả CTĐT (PPGD, PPKT/ĐG và Rubrics đánh giá môn học ngành CNTT)','','Khoa','https://drive.google.com/file/d/1Psr3jEaDlIGNYEVo62P7zIK9eoTQmzR4/view?usp=sharing','2024'),(158,'H3.03.02.04','ĐCCT HP','','Trường ĐHBD','https://drive.google.com/drive/folders/1sEfpwNo_G56d54m_m0VUDRnrhF97qGQW?usp=sharing','2024'),(159,'H3.03.02.05','Hướng dẫn tự học','','Khoa','https://drive.google.com/drive/folders/1Nq_VQHBjWtydKBMRaFZjFLzSJdI1shoE?usp=sharing','2021-2024'),(160,'H3.03.02.06','Bản mô tả CTĐT (phần CTDH)','','Trường ĐHBD','https://drive.google.com/drive/folders/1A48WmTcoNeoi5vcQqfgjQn7HvUGlpex8?usp=sharing','2019-2024'),(161,'H3.03.02.07','Kế hoạch thực hiện CTDH (trong đó thể hiện đầy đủ các nguồn lực và tiến độ thực hiện CTDH)','','Trường ĐHBD','','2019-2024'),(162,'H3.03.02.08','Kế hoạch về việc rà soát, điều chỉnh và hoàn thiện CTĐT','','Trường ĐHBD','https://drive.google.com/drive/folders/1NaWHVJxbJSBd98tQqN43CEmJuNC5EryR?usp=sharing','Số 125/KH-ĐHBD, ngày 29/5/2018\nSố 3151/KH - ĐHBD, ngày 31/12/2019\nSố 486/KH-ĐHBD, ngày 15/8/2022\nSố 1228/KH-ĐHBD, ngày 22/12/2023'),(163,'H3.03.02.09','Biên bản họp chuyên môn của Khoa','1','Khoa','','2019-2024'),(164,'H3.03.02.09','Các buổi tọa đàm về PPGD, KTĐG của Khoa','2','Khoa','','2019-2024'),(165,'H3.03.02.10','Biên bản họp về việc rà soát, cập nhật ĐCCT','1','Khoa','https://drive.google.com/drive/folders/14xENVQxlokZbHuMGWi1TW0KbdWDfhx0_?usp=sharing','2019-2024'),(166,'H3.03.02.10','Biên bản họp lấy ý kiến các bên liên quan về rà soát, cập nhật về ĐCCT','2','Khoa','https://drive.google.com/drive/folders/1resUlV8X-5Nsq9vzQOfarL48KyvhEeHP?usp=sharing','2019-2024'),(167,'H3.03.02.11','Báo cáo kết quả khảo sát hoạt động giảng dạy','','P. QLĐT &CTSV','','2019-2024'),(168,'H3.03.03.01','Quyết định về việc ban hành Quy định về khối lượng kiến thức tối thiểu, yêu cầu về năng lực mà người học đạt được sau khi tốt nghiệp đối với mỗi trình độ đào tạo của Giáo dục Đại học và quy trình ban hành, thẩm định, ban hành Đại học, Thạc sĩ, Tiến sĩ thuộc trường Đại học Bình Dương.','1','Trường ĐHBD','https://drive.google.com/file/d/1XeJ2fhP2-UAv5yl86ayJGjb8AMvIcF72/view?usp=sharing','Số 246/QĐ-ĐHBD, ngày 09/05/2018'),(169,'H3.03.03.01','Quyết định về việc ban hành Mẫu chương trình đào tạo thuộc Trường Đại học Bình Dương','2','Trường ĐHBD','https://drive.google.com/file/d/1UhOqE9xLIKsIM6Z3100aWziEwqH4y22p/view?usp=sharing','Số 965/QĐ - ĐHBD, ngày 24/4/2019'),(170,'H3.03.03.01','Quyết định về việc ban hành Quy chế về chuẩn chương trình đào tạo; xây dựng, thẩm định và ban hành chương trình đào tạo các trình độ của GDĐH','3','Trường ĐHBD','https://drive.google.com/file/d/1_SHnXTl9M1U2oJYiDMxG_0Sz6NvjfZHR/view?usp=sharing','Số 560/QĐ-ĐHBD, ngày 21/6/2022'),(171,'H3.03.03.01','Quyết định về việc thay thế phụ lục 1, 2 và bổ sung phụ lục 11 của Quy định về chuẩn chương trình đào tạo; xây dựng, thẩm định và ban hành chương trình đào tạo các trình độ của giáo dục đại học theo Quyết định số 560/QĐ-ĐHBD ngày 21 tháng 6 năm 2022 của Trường Đại học Bình Dương','4','Trường ĐHBD','https://drive.google.com/file/d/1GPK4sa_iwOOYYs9syNSO6ZduYUXeRvnP/view?usp=sharing','Số 32/QĐ-ĐHBD, ngày 06/01/2023'),(172,'H3.03.03.02','Bản mô tả CTĐT','','Trường ĐHBD','https://drive.google.com/drive/folders/1KTMphCrZe4jID1hqUpesOP9-Ckyp_z6O?usp=sharing','Số 794/QĐ-ĐHBD, ngày 31/8/2020'),(173,'H3.03.03.03','Kế hoạch thực hiện CTDH (trong đó thể hiện đầy đủ các nguồn lực và tiến độ trong việc thực hiện CTDH)','','Trường ĐHBD','','2024'),(174,'H3.03.03.04','ĐCCT HP','','Khoa','https://drive.google.com/drive/folders/1Wc6aS3tO2b6LxSIgxGkqBn-hroe-1HZ9?usp=sharing','2024'),(175,'H3.03. 03.05','Ma trận mối quan hệ giữa các HP và CĐR của CTĐT','','Trường ĐHBD','https://drive.google.com/drive/folders/1Ky0kRw-htBFSD8Dehi9RY0ndj3kxzyRI?usp=sharing','2024'),(176,'H3.03.03.06','Lưu đồ CTDH','','Khoa','','2024'),(177,'H3.03.03.07','Bản mô tả CTĐT (Phần  Nội dung CTĐT)','','Trường ĐHBD','https://drive.google.com/drive/folders/1omFgSbC1BgbuI7k5oe8PXv5XhzICHgDg?usp=sharing','2019 – 2024'),(178,'H3.03.03.08','Kế hoạch về việc rà soát, điều chỉnh và hoàn thiện CTDH','','Trường ĐHBD','https://drive.google.com/drive/folders/1LpSjhFsEihE503-WgQFcfDfSEBNlvGQ-?usp=sharing','Số 125/KH-ĐHBD, ngày 29/5/2018\nSố 3151/KH - ĐHBD, ngày 31/12/2019\nSố 486/KH-ĐHBD, ngày 15/8/2022\nSố 1228/KH-ĐHBD, ngày 22/12/2023'),(179,'H3.03.03.09','Quyết định ban hành CTĐT','','Trường ĐHBD','https://drive.google.com/drive/folders/1TCJ-s7BvBu_-IILsNr_Uy9716ybKQ4uk?usp=sharing','2020, 2022, 2024'),(180,'H3.03.03.10','Bảng đối sánh giữa các phiên bản CTDH','','Khoa','https://drive.google.com/drive/folders/1TCJ-s7BvBu_-IILsNr_Uy9716ybKQ4uk?usp=sharing','2024'),(181,'H3.03.03.11','Biên bản họp về việc rà soát, cập nhật  CTĐT','1','Khoa','https://drive.google.com/drive/folders/1j_8tf8lDN-Yl8JVSRjQJ0XrMtO5lUtyA?usp=sharing','2019-2024'),(182,'H3.03.03.11','Biên bản họp lấy ý kiến các bên liên quan về rà soát, cập nhật về  CTĐT','2','Khoa','https://drive.google.com/drive/folders/1_RAF0OW-zmvgi-4bX_ry-u-1mOHwnE7f?usp=sharing','2019-2024'),(183,'H3.03.03.12','Bảng đối sánh CTDH với các Trường trong nước','1','Khoa','https://drive.google.com/drive/folders/1uFHwM_mxAXSng050_6Ygp7Xp-OqzhvSL?usp=sharing','2024'),(184,'H3.03.03.12','Bảng đối sánh CTDH với các Trường nước ngoài','2','Khoa','https://drive.google.com/drive/folders/1ETX9JnzHD6qz9p6TskabrNijDZ7eT8hC?usp=sharing','2024'),(185,'H3.03.03.13','Báo cáo kết quả rà soát, cải tiến CTĐT','','Khoa','https://drive.google.com/drive/folders/1pXOvfFyYinRiMoXbxOlSz6ZI8MRYm2oE?usp=sharing','2019-2024'),(186,'H4.04.01.01','Quyết định về việc phê duyệt tầm nhìn, sứ mạng, giá trị cốt lõi và triết lý giáo dục của Trường Đại học Bình Dương','1','Trường ĐHBD','https://drive.google.com/file/d/1pyVcWuzLmcAfC2iHplwVDD8PhILwJwBc/view?usp=sharing','Số 656/QĐ-ĐHBD, ngày 30/12/2016'),(187,'H4.04.01.01','Nghị Quyết về việc phê duyệt Tầm nhìn, Sứ mạng, và Giá trị cốt lõi/ Giá trị văn hóa của Trường Đại học Bình Dương','2','Trường ĐHBD','https://drive.google.com/file/d/1VPpXdWHUFfX6guomDNQVszA8fy0Zfuof/view?usp=sharing','Số 09/NQ-ĐHBD, ngày 31/12/2020'),(188,'H4.04.01.01','Nghị Quyết về việc phê duyệt Tầm nhìn, Sứ mạng, và Giá trị cốt lõi/ Giá trị văn hóa của Trường Đại học Bình Dương','3','Trường ĐHBD','https://drive.google.com/file/d/1Ry8W-rwueWeXAr1oDTmpFjEi4HIjTSyC/view?usp=sharing','Số 12/NQ-ĐHBD, ngày 26/12/2022'),(189,'H4.04.01.02','Kế hoạch chiến lược của Trường Đại học Bình Dương giai đoạn 2017-2022, tầm nhìn 2030.','1','Trường ĐHBD','https://drive.google.com/file/d/1ZgFrrdzaKMGpybwXIrOqFOnDR8n5GuQz/view?usp=sharing','Số 187/KH-ĐHBD, ngày 23/11/2017'),(190,'H4.04.01.02','Nghị quyết ban hành Chiến lược phát triển Trường ĐHBD giai đoạn 2020 - 2025, tầm nhìn đến năm 2035','2','Trường ĐHBD','https://drive.google.com/file/d/12Di-BWeVRF_puCF-YQw-NkiJ7lhLTSUA/view?usp=sharing','Số 07/NQ-ĐHBD-HĐT, ngày 31/12/2020'),(191,'H4.04.01.02','Kế hoạch chiến lược phát triển của Trường ĐHBD giai đoạn 2020 -2025, tầm nhìn đến năm 2035','3','Trường ĐHBD','https://drive.google.com/file/d/1kh6r7YJ394Juv53LF_9N5EW0cDkw3PoW/view?usp=sharing','Số 735/KH-ĐHBD, ngày 24/12/2020'),(192,'H4.04.01.02','Kế hoạch phát triển chiến lược trung hạn giai đoạn 2019-2021','4','Trường ĐHBD','https://drive.google.com/file/d/1GipW2JlnvI8rgSXOZMldCEKi1Idp8Ozc/view?usp=sharing','Số 135/KH-ĐHBD, ngày 14/1/2019'),(193,'H4.04.01.02','Kế hoạch phát triển chiến lược trung hạn, giai đoạn 2021 – 2023','5','Trường ĐHBD','https://drive.google.com/file/d/1UWNctKYK5h2AqWONisk_br0zQ4T0PR4-/view?usp=sharing','Số 546/KH-ĐHBD, \nngày 30/12/2021'),(194,'H4.04.01.02','Kế hoạch phát triển chiến lược trung hạn, giai đoạn 2023 – 2025','6','Trường ĐHBD','','30/12/2023'),(195,'H4.04.01.02','Báo cáo tổng kết và kế hoạch năm học của Trường','7','Trường ĐHBD','https://drive.google.com/drive/folders/1XybJG2ficj1j3YvUwvdx2V-Aa1uyc1hT?usp=sharing','2019 – 2024'),(196,'H4.04.01.03','Bản mô tả CTĐT','','Trường ĐHBD','https://drive.google.com/drive/folders/1L8GJDP8zmPuAnk8JN2jv3kkx-yTQeWaK?usp=sharing','2019-2024'),(197,'H4.04.01.04','ĐCCT HP','','Khoa','https://drive.google.com/drive/folders/1L7wYuljabyLpjble3Ily22E-7MTGCneb?usp=sharing','2019-2024'),(198,'H4.04.01.05','Ma trận các phương pháp giảng dạy','','Khoa','https://drive.google.com/file/d/1SflqNZLxgUYwTR8_OVgVU5InyQUTUWwI/view?usp=sharing','2019-2024'),(199,'H4.04.01.06','Hướng dẫn tự học','','Khoa','https://drive.google.com/drive/folders/1SAFDwPjeCUdNiMJ_KWVZjfwcDAz9efhG?usp=sharing','2021-2024'),(200,'H4.04.01.07','Trang TTĐT Trường https://www.bdu.edu.vn/gioi-thieu/ve-chung-toi/triet-ly-giao-duc.html.','1','Trường ĐHBD','','2024'),(201,'H4.04.01.07','Trang TTĐT Khoa','2','Khoa','','2024'),(202,'H4.04.01.08','Hình ảnh phổ biến triết lý giáo dục','1','Trường ĐHBD','https://drive.google.com/drive/folders/1kHqhcZhju-u3vOEWZa5QMOx8x80OxBw2?usp=sharing','2024'),(203,'H4.04.01.08','Sổ tay sinh viên\nhttps://daotao.bdu.edu.vn/sinh-vien/hoat-dong-sinh-vien/so-tay-sinh-vien','2','Trường ĐHBD','https://drive.google.com/drive/folders/13pV0ILEX06tUos1-samyIipbV2P7-yDq?usp=sharing','2024'),(204,'H4.04.01.08','Kế hoạch, Tài liệu  “Tuần sinh hoạt công dân - sinh viên\" hàng năm','3','P. QLĐT\n&CTSV','https://drive.google.com/drive/folders/14nZV5O4IcM1CyLiqCwp3fDjzotbJKHWz?usp=sharing','2019 - 2024'),(205,'H4.04.01.08','Biên bản họp Khoa','4','Khoa','https://drive.google.com/drive/folders/1Q8M5ymjRz9jzfRGvBvuyqy2-ErlrZD5s?usp=sharing','2019 - 2024'),(206,'H4.04.01.08','Kế hoạch, nghị quyết/biên bản Hội nghị NLĐ','5','Trường ĐHBD','https://drive.google.com/drive/folders/15imrffSSnq-X2OzGDgUoq-D94kuWvo7I?usp=sharing','2019 - 2024'),(207,'H4.04.02.01','Quyết định về việc ban hành hướng dẫn PPGD và đánh giá HP của Trường ĐHBD','','Trường ĐHBD','https://drive.google.com/file/d/1b9CGLhNgQ3uNYNpQOsyXbWntWP6YYJBJ/view?usp=sharing','Số 468/QĐ-ĐHBD, ngày 21/3/2023'),(208,'H4.04.02.02','Bản mô tả CTĐT (Mục PPGD, KTĐG)','1','Trường ĐHBD','','2019 - 2024'),(209,'H4.04.02.02','ĐCCT HP','2','Trường ĐHBD','https://drive.google.com/drive/folders/1L4ujsjnbTgslgMmQJRHarX0VyqvQD6Vz?usp=sharing','2019 - 2024'),(210,'H4.04.02.03','Hướng dẫn tự học','','Khoa','https://drive.google.com/drive/folders/1teFsk1-EVadRUhMN4vXxCMP6A6kDz4Q8?usp=sharing','2024'),(211,'H4.04.02.04','Quyết định ban hành Quy định về tỉ lệ điểm đánh giá học phần đối với sinh viên trình độ đại học, cao đẳng chính quy đào tạo theo hệ thống tín chỉ','1','Trường ĐHBD','https://drive.google.com/file/d/1VVn5rtQ-gdu8FThQacU-TJJ71fSX27hJ/view?usp=drive_link','Số 1072/QĐ-ĐHBD, ngày 08/5/2019'),(212,'H4.04.02.04','Quyết định về việc Quy định giờ tự học tại Trung tâm Lưu trữ và Thư viện đối với sinh viên đại học chính quy tại cơ sở chính thuộc Trường ĐHB','2','Trường ĐHBD','https://drive.google.com/file/d/1L1iqmFonAvPl4dY9J2n8gJrunFZKIXJk/view?usp=sharing','Số 1098/QĐ-ĐHBD, ngày 08/11/20022'),(213,'H4.04.02.05','Kế hoạch tổ chức chương trình kiến tập, thực tập cho SV','1','Khoa','','2019-2024'),(214,'H4.04.02.05','Nội dung kiến tập','2','Khoa','','2019-2024'),(215,'H4.04.02.05','Danh sách SV kiến tập','3','Khoa','','2019-2024'),(216,'H4.04.02.05','Tiểu luận HP kiến tập','4','Khoa','','2019-2024'),(217,'H4.04.02.06','Quy định về chương trình thực tập','1','Khoa','','2019-2024'),(218,'H4.04.02.06','Kế hoạch tổ chức thực tập cho SV','2','Khoa','','2019-2024'),(219,'H4.04.02.06','Danh sách SV thực tập và đề tài thực tập','3','Khoa','','2019-2024'),(220,'H4.04.02.06','Báo cáo thực tập','4','Khoa','','2019-2024'),(221,'H4.04.02.06','Phiếu nhận xét của cơ quan thực tập','5','Khoa','','2019-2024'),(222,'H4.04.02.07','Tập huấn “Xây dựng chương trình đào tạo và đề cương môn học”','1','Trường ĐHBD','https://drive.google.com/file/d/1Z3-8q-9ngvhtcpKaRPFIwibMBto1ByrH/view?usp=sharing','Số 161/KH-TTĐBCL, ngày 20/12/2019'),(223,'H4.04.02.07','Tập huấn “Biên soạn và đánh giá ngân hàng đề thi theo chuẩn đầu ra”','2','Trường ĐHBD','','Số 125/KH-TTĐBCL, ngày 20/9/2019'),(224,'H4.04.02.07','Tập huấn “Thiết kế và sử dụng Rubric trong đánh giá học tập”','3','Trường ĐHBD','','Số 147/KH-TTĐBCL, ngày 08/11/2019'),(225,'H4.04.02.07','Tọa đàm  \"Nâng cao chất lượng giảng dạy năm học 2021-2022\"','4','Trường ĐHBD','https://drive.google.com/file/d/1YtkSSyJMvZ6Y1pA9lheMjeWTf5wPonMT/view?usp=sharing','Số 378/TB-ĐHBD, ngày 06/9/2021'),(226,'H4.04.02.07','Kế hoạch về việc tập huấn nội bộ ứng dụng hiệu quả công nghệ 4.0 trong quản lý của Trường ĐHBD','5','Trường ĐHBD','https://drive.google.com/file/d/1Ybqb9hfakr0jI4mozoMRl9Uc-4X1hg_f/view?usp=sharing','Số 1572/KH-ĐHBD, ngày 18/6/2019'),(227,'H4.04.02.07','Kế hoạch tập huấn phát triển chương trình đào tạo theo chuẩn đầu ra và xây dựng chuẩn đầu ra theo khung trình độ quốc gia năm học 2020-2021','6','Trường ĐHBD','https://drive.google.com/file/d/16f54sqBc5F031TgoIEsvECIZyA1gm0Fz/view?usp=sharing','Số 388/KH-ĐHBD, ngày 20/8/2020'),(228,'H4.04.02.07','Kế hoạch tập huấn phát triển chương trình đào tạo theo chuẩn đầu ra và xây dựng chuẩn đầu ra theo khung trình độ quốc gia năm học 2022-2023','7','Trường ĐHBD','','Số 536/KH-ĐHBD, ngày 09/9/2022'),(229,'H4.04.02.07','Báo cáo thống kê các hội thảo, tọa đàm, tập huấn về đổi mới PPGD, học tập và KTĐG KQHT người học từ 2020-2022','8','Trường ĐHBD','','Số 493/BC-PTH, ngày 05/12/2022'),(230,'H4.04.02.07','Kế hoạch tổ chức Tọa đàm PPGD và đánh giá HP trường ĐHBD năm 2023','9','Trường ĐHBD','https://drive.google.com/file/d/1YnKF0EYdUeLQJftlHF72mu-j7P0xyynI/view?usp=sharing','Số 21/KH-ĐHBD, ngày 18/01/2023'),(231,'H4.04.02.08','Thông báo về việc tổ chức học tập trực tuyến học kỳ 2 năm học 2020-2021','1','Trường ĐHBD','https://drive.google.com/file/d/1YqXCOJXIeN3eECGxXMPtcoa_FQVd3SMY/view?usp=sharing','Số 223/TB-ĐHBD, ngày 07/5/2021'),(232,'H4.04.02.08','Thông báo về việc cung cấp học liệu phục vụ giảng dạy trực tuyến','2','Trường ĐHBD','https://drive.google.com/file/d/1YrtrqfVLBorlpM0COlFvqdXHGmD8Zw8s/view?usp=sharing','Số 11/TB-TV, ngày, 30/03/2020\nSố 02/TB-TV, ngày, 18/02/2021'),(233,'H4.04.02.08','Kế hoạch về việc tổ chức ghi hình học liệu phục vụ giảng dạy hình thức trực tuyến của Trường ĐHBD','3','Trường ĐHBD','https://drive.google.com/file/d/1Ymwq5Rxa5Ff1IIbTyS0NPajulDAVz-BX/view?usp=sharing','Số 740/KH-ĐHBD, ngày 25/12/2020'),(234,'H4.04.02.08','Địa chỉ cổng thông tin trực tuyến (Ứng dụng Microsoft Teams)','4','Trường ĐHBD','','2024'),(235,'H4.04.02.08','Danh sách các môn học giảng dạy trực tuyến của Khoa Công nghệ thông tin, Robot và Trí tuệ nhân tạo','5','Khoa','','2020-2024'),(236,'H4.04.02.09','Danh mục các phần mềm, ứng dụng phục vụ công tác GD ngành CNTT','','Khoa','','2019 – 2024'),(237,'H4.04.02.10','Báo cáo kết quả khảo sát hoạt động giảng dạy','1','P. QLĐT &CTSV','https://drive.google.com/drive/folders/1ogVwvhhnMW8QxIeqIS1cbDRluYk64HcI?usp=sharing','2019 – 2024'),(238,'H4.04.02.10','Báo cáo tổng hợp kết quả dự giờ','2','P. BĐCL\n&KT','','2019 – 2024'),(239,'H4.04.02.11','Các biên bản họp chuyên môn của khoa','','Khoa','','2019 – 2024'),(240,'H4.04.02.12','Báo cáo môn học','1','Khoa','https://drive.google.com/drive/folders/1CMxnVQ_DhylJVosdk0AI8raMf-hNgqGw?usp=sharing\nhttps://drive.google.com/drive/folders/1phpwVIsm1ZwOwnu752bucBfw6H4X44UW?usp=sharing','2022-2024'),(241,'H4.04.02.12','Báo cáo đo lường CĐR','2','Khoa','','2022-2024'),(242,'H4.04.03.01','CĐR của CTĐT','1','Khoa','','2020, 2022, 2024'),(243,'H4.04.03.01','Bản mô tả CTĐT','2','Khoa','','2020, 2022, 2024'),(244,'H4.04.03.01','ĐCCT các HP','3','Khoa','https://drive.google.com/drive/folders/1oAW-WWa79slFv61Nz_uwTlZ7HpnQVaBl?usp=sharing','2020, 2022, 2024'),(245,'H4.04.03.02','Quyết định về việc ban hành hướng dẫn PPGD và đánh giá HP của Trường ĐHBD','1','Trường ĐHBD','https://drive.google.com/file/d/1YYkhcLTtEQoW1wXaJtwGuIC3cYx53_s6/view?usp=sharing','Số 468/QĐ-ĐHBD, ngày 21/3/2023'),(246,'H4.04.03.02','Quyết định ban hành Quy định công tác tổ chức thi và chấm thi kết thúc học phần trình độ cao đẳng, đại học, sau đại học của Trường Đại học Bình Dương','2','Trường ĐHBD','https://drive.google.com/file/d/1bpkVzdOjLI_0_VwNP043dfv0hQBNx2NE/view?usp=sharing\nhttps://drive.google.com/file/d/1e-nprAlyKVyYEyjy4FqafAXduDUUl-Uz/view?usp=sharing','Số 300/QĐ-ĐHBD, ngày 01/06/2018\nSố704/QĐ-ĐHBD, ngày 01/8/2022'),(247,'H4.04.03.02','Quyết định về việc ban hành quy chế đào tạo đại học, cao đẳng theo hệ thống tín chỉ của Trường  Đại học Bình Dương','3','Trường ĐHBD','https://drive.google.com/file/d/1vRp2uLXQ4xghXpT3877-fUJuMiiezjdW/view?usp=sharing\nhttps://drive.google.com/file/d/1V_6W--Mj2hKcKnIpnvGDm6NTwb_MW8yd/view?usp=sharing','Số 200/QĐ-ĐHBD, ngày 14/05/2014\nSố 614/QĐ-ĐHBD, ngày 14/7/2022'),(248,'H4.04.03.03','Hồ sơ môn học','','Khoa','https://drive.google.com/drive/folders/1LLNTE1G8karybgmLq7ve2D4MnjjoiRnE?usp=sharing','2021-2022'),(249,'H4.04.03.04','Quyết định ban hành Quy định về tỉ lệ điểm đánh giá học phần đối với sinh viên trình độ đại học, cao đẳng chính quy đào tạo theo hệ thống tín chỉ','1','Trường ĐHBD','https://drive.google.com/file/d/1lOU25MA3pcc5ZHorkILoll4hL-Q7l0pu/view?usp=sharing','Số 1072/QĐ-ĐHBD, ngày 08/5/2019'),(250,'H4.04.03.04','Quyết định về việc Quy định giờ tự học tại Trung tâm Lưu trữ và Thư viện đối với sinh viên đại học chính quy tại cơ sở chính thuộc Trường ĐHB','2','Trường ĐHBD','https://drive.google.com/file/d/1J3puOPfFy1Dcm74HGGn4oRzZBNwld7Ri/view?usp=sharing','Số 1098/QĐ-ĐHBD, ngày 08/11/20022'),(251,'H4.04.03.05','Kế hoạch tổ chức chương trình kiến tập cho SV','1','Khoa','','2019-2024'),(252,'H4.04.03.05','Nội dung kiến tập','2','Khoa','','2019-2024'),(253,'H4.04.03.05','Danh sách SV kiến tập','3','Khoa','','2019-2024'),(254,'H4.04.03.05','Tiểu luận HP kiến tập','4','Khoa','','2019-2024'),(255,'H4.04.03.06','Quy định về chương trình thực tập','1','Khoa','','2019-2024'),(256,'H4.04.03.06','Kế hoạch tổ chức thực tập cho SV','2','Khoa','','2019-2024'),(257,'H4.04.03.06','Danh sách SV thực tập và đề tài thực tập','3','Khoa','','2019-2024'),(258,'H4.04.03.06','Báo cáo thực tập','4','Khoa','','2019-2024'),(259,'H4.04.03.06','Phiếu nhận xét của cơ quan thực tập','5','Khoa','','2019-2024'),(260,'H4.04.03.06','Đồ án tốt nghiệp','6','Khoa','','2019-2024'),(261,'H4.04.03.06','Thang điểm đánh giá Đồ án tốt nghiệp','7','Khoa','','2019-2024'),(262,'H4.04.03.06','Hồ sơ bảo vệ đồ án tốt nghiệp, Bảng điểm đồ án tốt nghiệp','8','Khoa','','2019-2024'),(263,'H4.04.03.06','QĐ thành lập Hội đồng đánh giá đồ án tốt nghiệp các khóa','9','Khoa','','2019-2024'),(264,'H4.04.03.07','Quyết định thành lập CLB Công nghệ số thuộc Khoa Công nghệ thông tin, Robot và Trí tuệ nhân tạo','1','Khoa','','Số 136/QĐ-ĐHBD, ngày 01/03/2023'),(265,'H4.04.03.07','Chương trình, kế hoạch hoạt động của CLB Công nghệ số thuộc Khoa Công nghệ thông tin, Robot và Trí tuệ nhân tạo','2','Khoa','','2019-2024'),(266,'H4.04.03.07','Hình ảnh hoạt động của CLB','3','Khoa','','2019-2024'),(267,'H4.04.03.08','Phiếu khảo sát sự hài lòng của NH, cựu NH, NTD','1','Khoa','','2019-2024'),(268,'H4.04.03.08','Báo cáo kết quả khảo sát sự hài lòng của NH, cựu NH, NTD','2','Khoa','','2019-2024'),(269,'H5.05.01.01','Quy chế đào tạo đại học và cao đẳng theo hệ thống tín chỉ 2021','1','Trường ĐHBD','https://drive.google.com/file/d/1wEKMywQOpFticpGgY-UloW9wNqDafpba/view?usp=sharing','Số 484/QĐ-ĐHBD, ngày 30/06/2021'),(270,'H5.05.01.01','Quy chế đào tạo đại học và cao đẳng theo hệ thống tín chỉ 2022','2','Trường ĐHBD','https://drive.google.com/file/d/1_Fx2YcsdR4I8UtucYYQYuTu_0CMHoy_C/view?usp=sharing','Số 614/QĐ-ĐHBD, ngày 14/07/2022'),(271,'H5.05.01.02','Quyết định về việc ban hành Quy định công tác tổ chức thi và chấm thi kết thúc học phần trình độ đại học, cao đẳng và sau đại học của Trường ĐHBD năm 2022','','Trường ĐHBD','https://drive.google.com/file/d/11BqHgj-QkGGiVf3inYzAoInZAyGHpb7E/view?usp=sharing','Số 704/QĐ-ĐHBD, ngày 01/08/2022'),(272,'H5.05.01.03','Bản mô tả CTĐT','1','Khoa','','2019, 2023'),(273,'H5.05.01.03','Đề cương các học phần','2','Khoa','','2019, 2023'),(274,'H5.05.01.03','Bảng sự phù hợp của hoạt động giảng dạy, kiểm tra, đánh giá hướng tới đạt CĐR của CTĐT ngành CNTT','3','Khoa','','2019, 2023'),(275,'H5.05.01.03','Phụ lục 10. Mẫu báo cáo môn học nội dung thể hiện phân tích đề thi (Trích trong Quyết định về việc ban hành Quy định về chuẩn chương trình đào tạo; xây dựng, thẩm định và ban hành chương trình đào tạo các trình độ của giáo dục đại học)','4','Trường ĐHBD','https://drive.google.com/file/d/10RELx-aTkIXx8CArzUkiHLgKnp9IRQ8J/view?usp=sharing','Số 560/QĐ-ĐHBD, ngày 21/06/2022'),(276,'H5.05.01.04','Quy chế đào tạo đại học và cao đẳng theo hệ thống tín chỉ 2022','1','Trường ĐHBD','https://drive.google.com/file/d/1EStPB035UiL7nzhYYWYZYC5sev2RbqJN/view?usp=sharing','Số 614/QĐ-ĐHBD, ngày 14/07/2022'),(277,'H5.05.01.04','Rubrics đánh giá các học phần','2','Trường ĐHBD','','Số 468/QĐ-ĐHBD, ngày 21/03/2023'),(278,'H5.05.01.04','Rubrics đánh giá thực tập/đồ án','3','Trường ĐHBD','','Số 468/QĐ-ĐHBD, ngày 21/03/2023'),(279,'H5.05.01.04','Phiếu đánh giá đồ án tốt nghiệp','4','Khoa','','2024'),(280,'H5.05.01.05','Tài liệu sinh hoạt đầu khóa của Khoa','1','Khoa','','2019-2024'),(281,'H5.05.01.05','Thông báo về việc tổ chức Lễ trao bằng tốt nghiệp cho học viên, sinh viên','2','Trường ĐHBD','','2019 - 2024'),(282,'H5.05.01.05','Thông báo thời gian tổ chức nhận hồ sơ xét tốt nghiệp','3','P. QLĐT&CTSV','https://drive.google.com/file/d/1tNZI9c9bt524u9abQ7qb7Edx5RckIGMD/view?usp=sharing','2019 - 2024'),(283,'H5.05.01.06','Các biên bản, báo cáo góp ý về chất lượng giảng dạy và CTĐT','','Trường ĐHBD','','2019 - 2024'),(284,'H5.05.01.07','Phiếu đánh giá chất lượng đề thi kết thúc học phần môn Phân tích dữ liệu kinh doanh, Kỹ thuật phân tích yêu cầu','','Trường ĐHBD','','2024'),(285,'H5.05.02.01','Quy chế đào tạo đại học và cao đẳng theo hệ thống tín chỉ 2021','1','Trường ĐHBD','https://drive.google.com/file/d/1ODNWKHoxm5C6fkofApkKE4mmbgq6YXyR/view?usp=sharing','Số 484/QĐ-ĐHBD, ngày 30/06/2021'),(286,'H5.05.02.01','Quy chế đào tạo đại học và cao đẳng theo hệ thống tín chỉ 2022','2','Trường ĐHBD','https://drive.google.com/file/d/1GRI_e415KGtPQ72rYXfjnNSU2_xZRopJ/view?usp=sharing','Số 614/QĐ-ĐHBD, ngày 14/07/2022'),(287,'H5.05.02.02','Quyết định về việc ban hành Quy định công tác tổ chức thi và chấm thi kết thúc học phần trình độ đại học, cao đẳng và sau đại học của Trường ĐHBD năm 2022','','Trường ĐHBD','','Số 704/QĐ-ĐHBD, ngày 01/08/2022'),(288,'H5.05.02.03','Bản mô tả CTĐT','1','Khoa','','2019, 2023'),(289,'H5.05.02.03','ĐCCT các học phần','2','Khoa','','2019, 2023'),(290,'H5.05.02.04','Sổ tay sinh viên\n- Từ năm 2019 – 2020 (file)\n- Từ năm học 2021 – 2022 trở đi: https://daotao.bdu.edu.vn/sinh-vien/so-tay-sinh-vien-2020.html','1','Trường ĐHBD','https://drive.google.com/file/d/1bmPjOv8sNwMdoVhDJMnj8-vRQ9mwVanG/view?usp=sharing','2019 - 2023'),(291,'H5.05.02.04','Kế hoạch và tài liệu sinh hoạt đầu khóa Sinh viên','2','Trường ĐHBD','https://drive.google.com/file/d/14wlZEbSjRdK6yW9SfpIs5lqV1Y-Q-DVY/view?usp=sharing','2019 – 2023'),(292,'H5.05.02.05','Link xem kết quả học phần:\nhttps://sv.bdu.edu.vn/#/home\nLink công khai quy định phúc khảo: https://daotao.bdu.edu.vn/dai-hoc-chinh-quy/quy-che-dao-tao/quyet-dinh-ban-hanh-quy-dinh-cong-tac-to-chuc-thi-va-cham-thi-ket-thuc-hoc-phan-trinh-do-dai-hoc-sau-dai-hoc-cua-truong-dai-hoc-binh-duong.html','','P. QLĐT\n&CTSV','','2024'),(293,'H5.05.02.06','Chương trình thực tập tốt nghiệp của sinh viên','','Khoa','','2019 - 2024'),(294,'H5.05.02.07','Công bố quy định về kiểm tra đánh giá KQHT trên website\nhttps://sv.bdu.edu.vn/#/home/listbaiviet/tt/page/1/baivietct/-2651258778064575418\nhttps://daotao.bdu.edu.vn/thong-bao-chung/quyet-dinh-ban-hanh-quy-dinh-cong-tac-to-chuc-thi-va-cham-thi-ket-thuc-hoc-phan-trinh-do-dai-hoc-cao-dang-va-sau-dai-hoc-cua-truong-dai-hoc-binh-duong.html','','Trường ĐHBD','https://drive.google.com/file/d/1jy6F_U2ngXvBrlpHAkLGZjP9-k1sssDL/view?usp=sharing','2024'),(295,'H5.05.02.08','Cổng thông tin sinh viên:\nhttps://sv.bdu.edu.vn/#/home','','Website','https://drive.google.com/file/d/1IchAKwlw87Rn_VSHzGMj9aIDylmwB4Iu/view?usp=sharing','2024'),(296,'H5.05.02.09','Báo cáo kết quả khảo sát sinh viên về hoạt động giảng dạy','','P. QLĐT & CTSV','','2019 - 2024'),(297,'H5.05.03.01','Quy chế đào tạo đại học và cao đẳng theo hệ thống tín chỉ 2022','1','Trường ĐHBD','https://drive.google.com/file/d/1jfBSEQi5v3HJhgZzfrnjOWt6nIr8VspO/view?usp=sharing','Số 484/QĐ-ĐHBD, ngày 30/06/2021'),(298,'H5.05.03.01','Quy chế đào tạo đại học và cao đẳng theo hệ thống tín chỉ 2022','2','Trường ĐHBD','https://drive.google.com/file/d/1AIMLcg47-329tQb3sRnAh1mdona_raYM/view?usp=sharing','Số 614/QĐ-ĐHBD, ngày 14/07/2022'),(299,'H5.05.03.01','Quyết định về việc ban hành Quy định công tác tổ chức thi và chấm thi kết thúc học phần trình độ đại học, cao đẳng và sau đại học của Trường ĐHBD 2022','3','Trường ĐHBD','https://drive.google.com/file/d/1kcb7-OIUovnNYU5MVQqQNwiHvAY5s3yR/view?usp=sharing','Số 704/QĐ-ĐHBD, ngày 01/08/2022'),(300,'H5.05.03.02','Bản mô tả CTĐT','1','Trường ĐHBD','https://drive.google.com/file/d/1b83UMRcVxVhavjGvghQmc6-G-hAtS3oB/view?usp=sharing','2019, 2023'),(301,'H5.05.03.02','ĐCCT các học phần','2','Trường ĐHBD','','2019, 2023'),(302,'H5.05.03.02','Quy trình tổ chức chấm thi kết thúc học phần (Trích Quyết định về việc ban hành Quy định công tác tổ chức thi và chấm thi kết thúc học phần trình độ đại học, cao đẳng và sau đại học của Trường ĐHBD, năm 2022, Phụ lục 4, mục số 2)','3','Trường ĐHBD','','Số 704/QĐ-ĐHBD, ngày 01/08/2022'),(303,'H5.05.03.02','Thông báo xây dựng ngân hàng câu hỏi đề thi','4','Khoa','','2021'),(304,'H5.05.03.02','Phụ lục Ma trận ra đề thi kết thúc môn học (Trích trong Quyết định về việc ban hành Quy định về chuẩn chương trình đào tạo; xây dựng, thẩm định và ban hành chương trình đào tạo các trình độ của gíao dục đại học)','5','Trường ĐHBD','','Số 560/QĐ-ĐHBD, ngày 21/06/2022'),(305,'H5.05.03.02','Phụ lục Báo cáo môn học (Trích trong Quyết định về việc ban hành Quy định về chuẩn chương trình đào; xây dựng, thẩm định và ban hành chương trình đào tạo các trình độ của gíao dục đại học)','6','Trường ĐHBD','','Số 560/QĐ-ĐHBD, ngày 21/6/2022'),(306,'H5.05.03.03','Đề thi và đáp án Kỹ thuật phân tích yêu cầu, Mạng máy tính và Hệ điều hành, Lập trình trên thiết bị di động','1','Khoa','','2019-2024'),(307,'H5.05.03.03','Hình ảnh phần mềm thi trắc nghiệm','2','P. BĐCL\n&KT','','2022'),(308,'H5.05.03.03','Các biên bản cập nhật và xây dựng ngân hàng đề thi','3','Khoa','','2019-2024'),(309,'H5.05.03.04','Phiếu đánh giá đồ án tốt nghiệp','1','Khoa','','2021-2024'),(310,'H5.05.03.04','Phiếu đánh giá chất lượng đề thi kết thúc học phần môn Phân tích dữ liệu kinh doanh, Kỹ thuật phân tích yêu cầu.','2','P. BĐCL\n&KT','','2019 - 2024'),(311,'H5.05.03.04','Các văn bản/tài liệu tổng kết, sơ kết về hiệu quả tổ hợp các phương pháp kiểm tra đánh giá được áp dụng trong các học phần/môn học/CTĐT','3','P. BĐCL\n&KT','','2019 - 2024'),(312,'H5.05.03.05','Kết quả SV toàn khóa phản hồi về phương pháp kiểm tra đánh giá\n(Trích trong báo cáo khảo sát sinh viên về hoạt động giảng dạy)','1','P. QLĐT\n&CTSV','','2019 - 2024'),(313,'H5.05.04.01','Quy chế đào tạo đại học và cao đẳng theo hệ thống tín chỉ 2021, 2022','1','Trường ĐHBD','https://drive.google.com/file/d/1Siz_xtK3msOU9HfNimALeR1XsCETmnyI/view?usp=sharing\n https://drive.google.com/file/d/1OeHy0CQiB98BiFl46h63-a0HWWZPwfSx/view?usp=sharing','Số 484/QĐ-ĐHBD, ngày 30/06/2021\nSố 614/QĐ-ĐHBD,\nngày 14/07/2022'),(314,'H5.05.04.01','Quyết định về việc ban hành Quy định công tác tổ chức thi và chấm thi kết thúc học phần trình độ đại học, cao đẳng và sau đại học của Trường ĐHBD năm 2022','2','Trường ĐHBD','','Số 704/QĐ-ĐHBD, ngày 01/08/2022'),(315,'H5.05.04.02','Link đăng tải quy định thi, kiểm tra, quy trình\nhttps://sv.bdu.edu.vn/#/home/listbaiviet/tt/page/1/baivietct/-2651258778064575418\nhttps://daotao.bdu.edu.vn/dai-hoc-chinh-quy/quy-che-dao-tao/quyet-dinh-ban-hanh-quy-dinh-cong-tac-to-chuc-thi-va-cham-thi-ket-thuc-hoc-phan-trinh-do-dai-hoc-sau-dai-hoc-cua-truong-dai-hoc-binh-duong.html','1','Trường ĐHBD','https://drive.google.com/file/d/17o7SI6EJdek2B4O86HUqSXW3B1_zxhIM/view?usp=sharing','2024'),(316,'H5.05.04.02','Biên bản họp lớp','2','Khoa','','2019-2024'),(317,'H5.05.04.02','Tài liệu giới thiệu môn học','3','Khoa','','2019 - 2024'),(318,'H5.05.04.03','Tài khoản SV tại Website\nhttps://sv.bdu.edu.vn/#/home','1','Website','https://drive.google.com/file/d/1xUtwk-GNvSvr4REt4naI6jF38t7rn4xo/view?usp=sharing','2024'),(319,'H5.05.04.03','Mẫu bảng điểm','2','P. QLĐT\n&CTSV','https://drive.google.com/file/d/1y1NRPSuau_8M0SZD3X9Et69HzyyQ6grv/view?usp=sharing\nhttps://drive.google.com/file/d/10MSVdBmJ5fcl5r9M-XZD50vstrpOWn9J/view?usp=sharing','2024'),(320,'H5.05.04.03','Lịch thi học kỳ theo bộ môn Đợt DOT1\nLịch thi học kỳ theo bộ môn Đợt DOTK','3','P. QLĐT\n&CTSV','https://drive.google.com/file/d/1FO8vr0TYADQMFnN7RoFKS1t6lrwSsz2K/view?usp=sharing\nhttps://drive.google.com/file/d/1hegkQBRWejvSGJr16fRgRryOV98IlLZ8/view?usp=sharing','2019 - 2024'),(321,'H5.05.04.03','Bảng điểm môn học Lập trình web, Lập trình trên thiết bị di động','4','Khoa','','2020 - 2024'),(322,'H5.05.04.03','Đề thi môn học Lập trình web, Lập trình trên thiết bị di động','5','Khoa','','2020 - 2024'),(323,'H5.05.04.03','Sổ giao nhận bảng điểm','6','P. BĐCL\n&KT','https://drive.google.com/file/d/1iVX-4jIDn7M9tF0sBejdhtQT9Hd-yaSz/view?usp=sharing','2019 - 2024'),(324,'H5.05.04.03','Danh sách SV bị cảnh cáo học vụ qua các năm','7','P. QLĐT\n&CTSV','','2019 - 2024'),(325,'H5.05.04.03','Đơn xin phúc khảo bài thi','8','P. BĐCL\n&KT','https://drive.google.com/file/d/1mxfKtWQfU6Vo1dc0pgOlIMqVMCqsk0pw/view?usp=sharing','2024'),(326,'H5.05.04.03','Hồ sơ phúc khảo bài thi các năm','9','P. BĐCL\n&KT','','2019 - 2024'),(327,'H5.05.04.03','Báo cáo tình hình hoạt động năm 2024 của Trung tâm khảo thí.\nBáo cáo Tổng kết tình hình hoạt động năm 2019-2020 và triển khai công tác năm 2021-2022 của Trung tâm Khảo thí\nBáo cáo Tổng kết tình hình hoạt động năm 2022-2023 và triển khai công tác năm 2023-2024 của Trung tâm Đảm bảo chất lượng\nBáo cáo tổng kết tình hình hoạt động năm học 2023-2024 và triển khai công tác năm 2024-2025 của Phòng Bảo đảm chất lường và Khảo thí','10','P. BĐCL\n&KT','','2019 - 2024'),(328,'H5.05.04.04','Quyết định tặng học bổng ưu đãi học phí','','Khoa','https://drive.google.com/drive/folders/1MU_nonQHekb6dpHoXNeSPzeT2fvYEVKu?usp=sharing','2019 - 2024'),(329,'H5.05.04.05','Kết quả SV phản hồi môn học về phương pháp kiểm tra đánh giá\n(Trích trong báo cáo khảo sát sinh viên về hoạt động giảng dạy)','','P. QLĐT\n&CTSV','','2019 - 2024'),(330,'H5.05.05.01','Quy trình phối hợp giải quyết học vụ\nhttps://daotao.bdu.edu.vn/sinh-vien/van-bang-bieu-mau-cap-nhat-nam-2022.html','1','Trường ĐHBD','https://drive.google.com/file/d/1HzmZpA7zyIKKFvsSdTjo7SATXA4k9x6z/view?usp=sharing','2019 - 2024'),(331,'H5.05.05.01','Quyết định về việc ban hành Quy định công tác tổ chức thi và chấm thi kết thúc học phần trình độ đại học, cao đẳng và sau đại học của trường Đại học Bình Dương năm 2022','2','Trường ĐHBD','','Số 704/QĐ-ĐHBD, ngày 01/08/2022'),(332,'H5.05.05.01','Quy chế đào tạo đại học và cao đẳng theo hệ thống tín chỉ 2021, 2022','3','Trường ĐHBD','','Số 484/QĐ-ĐHBD, ngày 30/06/2021\nSố 614/QĐ-ĐHBD,\nngày 14/07/2022'),(333,'H5.05.05.01','Sổ tay sinh viên\n- Từ năm học 2019 – 2020 đến năm học 2020 – 2021 (file)\n- Từ năm học 2022 – 2023 trở đi:','4','Trường ĐHBD','','2019 - 2024'),(334,'H5.05.05.02','- Trang thông tin điện tử của Trường có thông tin về việc khiếu nại\nhttps://www.bdu.edu.vn/duong-day-nong\nlink quy định việc phúc khảo bài thi:\nhttps://daotao.bdu.edu.vn/dai-hoc-chinh-quy/quy-che-dao-tao/quyet-dinh-ban-hanh-quy-dinh-cong-tac-to-chuc-thi-va-cham-thi-ket-thuc-hoc-phan-trinh-do-dai-hoc-sau-dai-hoc-cua-truong-dai-hoc-binh-duong.html','','Trường ĐHBD','https://drive.google.com/file/d/1L8Oko2HJpyzZmoet3YPEY7OUhAzN9595/view?usp=sharing','2024'),(335,'H5.05.05.03','Sổ theo dõi việc khiếu nại/kết quả trả lời khiếu nại về kết quả học tập của NH.','','P. BĐCL\n&KT','https://drive.google.com/file/d/1wPey3reiFaOGO0zCnjEHJmnNC6Yh0TvE/view?usp=sharing','2019 - 2024'),(336,'H5.05.05.04','Kết quả học tập được thông báo đến SV đúng thời gian quy định\n(Trích trong báo cáo kết quả kháo sát sinh viên về hoạt động giảng dạy)','','P. QLĐT\n&CTSV','https://drive.google.com/drive/folders/1MLxNsOnAI__W0kIQvFeEX6M9OI4S_EPj?usp=sharing','2019 - 2024'),(337,'H6.06.01.01','Kế hoạch phát triển chiến lược trung hạn giai đoạn 2019 - 2021','1','Trường ĐHBD','','Số 135/KH-ĐHBD, ngày 14/1/2019'),(338,'H6.06.01.01','Kế hoạch chiến lược của Trường Đại học Bình Dương giai đoạn 2017 - 2022, tầm nhìn 2030','2','Trường ĐHBD','','Số 187/KH-ĐHBD, ngày 23/11/2017'),(339,'H6.06.01.01','Nghị quyết về việc ban hành chiến lược của Trường Đại học Bình Dương giai đoạn 2020 - 2025, tầm nhìn 2035','3','Trường ĐHBD','','Số 07/NQ-ĐHBD-HĐT, ngày 31/12/2020'),(340,'H6.06.01.01','Kế hoạch phát triển chiến lược trung hạn, giai đoạn 2021 - 2023','4','Trường ĐHBD','','Số 546/KH-ĐHBD, ngày 30/12/2021'),(341,'H6.06.01.01','Chiến lược phát triển Khoa Tin học giai đoạn nhiệm kỳ 2017 – 2022','5','Khoa','','Số 179/FIT, ngày 25/5/2017'),(342,'H6.06.01.01','Chiến lược phát triển Khoa CNTT, Robot và Trí tuệ nhân tạo Trường Đại học Bình Dương giai đoạn 2020 - 2025','6','Khoa','','Số 124/FIRA, ngày 27/5/2020'),(343,'H6.06.01.02','Kế hoạch phát triển đội ngũ nhân sự của Trường Đại học Bình Dương giai đoạn 2020 - 2025','1','Trường ĐHBD','','2020'),(344,'H6.06.01.02','Bản mô tả công việc của GV','2','Khoa','','2019 - 2024'),(345,'H6.06.01.03','Quyết định về việc chấm dứt hợp đồng lao động hằng năm','','Trường ĐHBD','','2019 – 2024'),(346,'H6.06.01.04','Quyết định về việc ban hành Quy trình tuyển dụng của Trường ĐHBD','1','Trường ĐHBD','','Số 493/QĐ-ĐHBD, ngày 30/12/2017 \nSố 197/QĐ-ĐHBD, ngày 18/03/2020'),(347,'H6.06.01.04','Kế hoạch tuyển dụng GVCH, CBNV','2','Trường ĐHBD','','2019 - 2024'),(348,'H6.06.01.04','Thông báo tuyển dụng','3','Trường ĐHBD','','2019 - 2024'),(349,'H6.06.01.04','Danh sách giảng viên cơ hữu theo chuyên ngành CNTT Khoa Công nghệ thông tin, Robot và Trí tuệ nhân tạo','4','Khoa','','31/8/2024'),(350,'H6.06.01.05','Báo cáo về việc nâng cao năng lực tiếng Anh cho đội ngũ GV-CBNV của Trường (Trích “Báo cáo kết quả khảo sát nhu cầu học tập bồi dưỡng, nâng cao trình độ của cán bộ, nhân viên và người lao động tại trường”- Thời gian khảo sát: tháng 11/2021)','1','P. BĐCL\n&KT','','2021'),(351,'H6.06.01.05','Quyết định phân công giảng viên hướng dẫn giảng viên tập sự','2','Trường ĐHBD','','2019-2024'),(352,'H6.06.01.06','Hồ sơ giảng viên ngành CNTT Khoa Công nghệ thông tin, Robot và Trí tuệ nhân tạo','','Khoa','','2019 - 2024'),(353,'H6.06.01.07','Quyết định về việc ban hành Quy định làm việc của giảng viên cơ hữu Trường Đại học Bình Dương','1','Trường ĐHBD','','Số 2004/QĐ-ĐHBD, ngày 26/07/2019'),(354,'H6.06.01.07','Kế hoạch đào tạo bồi dưỡng CB, GV, NV của Trường.','2','Trường ĐHBD','','2019-2024'),(355,'H6.06.01.07','Thông báo về việc mở lớp/tổ chức các lớp đào tạo bồi dưỡng CB, GV, NV của Trường','3','Trường ĐHBD','','2019 - 2024'),(356,'H6.06.01.07','Báo cáo tổng kết năm học của Khoa','4','Khoa','','2019 - 2024'),(357,'H6.06.01.08','Chiến lược phát triển Khoa CNTT, Robot và Trí tuệ nhân tạo Trường Đại học Bình Dương giai đoạn 2020 - 2025','','Khoa','','Số 124/FIRA, ngày 27/5/2020'),(358,'H6.06.01.09','Quyết định về việc ban hành quy chế bổ nhiệm, bổ nhiệm lại, từ chức, miễn nhiệm lãnh đạo phòng ban khoa viện các đơn vị thuộc Trường ĐHBD','1','Trường ĐHBD','','Số 494/QĐ-ĐHBD, ngày 30/12/2017'),(359,'H6.06.01.09','Quyết định bổ nhiệm (Trưởng Khoa; Trưởng Bộ môn cơ sở ngành,..)','2','Trường ĐHBD','','2019 - 2024'),(360,'H6.06.01.10','Quyết định về việc ban hành phụ cấp thu hút của Trường Đại học Bình Dương','1','Trường ĐHBD','','Số 480/QĐ-ĐHBD, ngày 20/12/2012'),(361,'H6.06.01.10','Quyết định về việc ban hành mức thù lao đối với việc giới thiệu đội ngũ cơ hữu, giảng viên tại Trường Đại học Bình Dương','2','Trường ĐHBD','','Số 319/QĐ-ĐHBD, ngày 29/04/2021'),(362,'H6.06.01.11','Luật Lao động 2019','1','Quốc hội','','Số 45/2019/QH14, ngày 20/11/2019'),(363,'H6.06.01.11','Luật Bảo hiểm xã hội 2014','2','Quốc hội','','Số 58/2014/QH13, ngày 20/11/2014'),(364,'H6.06.02.01','Danh sách GV giảng dạy ngành CNTT','1','Khoa','','2019 - 2024'),(365,'H6.06.02.01','Hợp đồng thỉnh giảng','2','Khoa','','2019 - 2024'),(366,'H6.06.02.02','Thông tư quy định về việc xác định chỉ tiêu tuyển sinh trình độ trung cấp, cao đẳng các ngành đào tạo giáo viên; trình độ đại học, thạc sĩ, tiến sĩ','1','Bộ GD&ĐT','','Số 06/2018/TT-BGDĐT, ngày 28/02/2018 Thông tư số 03/2022/TT-BGDĐT, ngày \n18/01/2022\nSố 10/2023/TT-BGDĐT, ngày 28/4/2023'),(367,'H6.06.02.03','Phiếu đánh giá xếp loại kết quả hiệu suất công việc','1','Khoa','','2019 - 2024'),(368,'H6.06.02.03','Bảng tổng hợp đánh giá CB, GV, NV hằng tháng','2','Trường ĐHBD','','2019 - 2024'),(369,'H6.06.02.04','Quyết định về việc ban hành Nội quy lao động','1','Trường ĐHBD','','Số 138/QĐ-ĐHBD, ngày 03/03/2020'),(370,'H6.06.02.04','Quyết định về việc ban hành Quy định làm việc của giảng viên cơ hữu Trường ĐHBD','2','Trường ĐHBD','','Số 2004/QĐ-ĐHBD, ngày 26/07/2019'),(371,'H6.06.02.05','Quyết định về việc ban hành Quy định Nghiên cứu khoa học Trường ĐHBD','','Trường ĐHBD','','Số 281/QĐ-ĐHBD, ngày 02/07/2013\nSố 812/QĐ-ĐHBD, ngày 19/08/2022'),(372,'H6.06.02.06','Quyết định về việc ban hành Quy chế chi tiêu nội bộ','','Trường ĐHBD','','Số 290/QĐ-ĐHBD, ngày 19/04/2021'),(373,'H6.06.02.07','Bản mô tả công việc của GV của Khoa Công nghệ thông tin, Robot và Trí tuệ nhân tạo','','P. TH','','2019 – 2024'),(374,'H6.06.02.08','Quyết định thành lập: \nPhòng QLĐT&CTSV, \nPhòng BĐCL&KT, \nPhòng QLKH&HTQT (có chức năng nhiệm vụ của Phòng)','','Trường ĐHBD','','2019 – 2024'),(375,'H6.06.02.09','Quyết định ban hành Quy định dự giờ giảng viên','1','Trường ĐHBD','','Số 196/QĐ-ĐHBD, ngày 02/05/2018'),(376,'H6.06.02.09','Kế hoạch dự giờ','2','Khoa','','2019 – 2024'),(377,'H6.06.02.10','Báo cáo khảo sát đánh giá hoạt động giảng dạy','','Khoa','','2019 - 2024'),(378,'H6.06.03.01','Quyết định về việc ban hành Quy trình tuyển dụng của Trường Đại học Bình Dương','','Trường ĐHBD','','Số 197/QĐ-ĐHBD, ngày 18/03/2020'),(379,'H6.06.03.02','Website Trường\nhttps://www.bdu.edu.vn/dai-hoc-binh-duong-tuyen-dung','1','Website','','2022'),(380,'H6.06.03.02','Website Khoa Công nghệ thông tin, Robot và Trí tuệ nhân tạo https://FIRA.bdu.edu.vn/hoat-dong/tuyen-dung-viec-lam','2','Website','','2019- 2024'),(381,'H6.06.03.03','Quyết định về việc ban hành phụ cấp thu hút của Trường Đại học Bình Dương','','Trường ĐHBD','','Số 480/QĐ-ĐHBD, ngày 20/12/2012'),(382,'H6.06.03.04','Quyết định về việc ban hành chế độ chính sách đối với CBNV, GV của Trường ĐHBD','1','Trường ĐHBD','','Số 496/QĐ-ĐHBD, ngày 30/12/2017'),(383,'H6.06.03.04','Thông báo tuyển dụng giảng viên ngành CNTT','2','Trường ĐHBD','','2018 - 2022'),(384,'H6.06.03.05','Đề xuất nhân sự của Khoa','','Khoa','','2018 - 2022'),(385,'H6.06.03.06','Link thông báo tuyển dụng CBNV GVCH\nhttps://www.bdu.edu.vn/dai-hoc-binh-duong-tuyen-dung','','Trường ĐHBD','','2019 -2024'),(386,'H6.06.03.07','Link thông báo kết quả tuyển dụng CBNV GVCH\nhttps://www.bdu.edu.vn/dai-hoc-binh-duong-tuyen-dung','','Trường ĐHBD','','2021'),(387,'H6.06.03.08','Quyết định phân công giảng viên hướng dẫn giảng viên tập sự','','Trường ĐHBD','','2019-2024'),(388,'H6.06.03.09','Quyết định về việc ban hành quy chế bổ nhiệm, bổ nhiệm lại, từ chức, miễn nhiệm lãnh đạo phòng ban khoa viện các đơn vị thuộc Trường ĐHBD','1','Trường ĐHBD','','Số 494/QĐ-ĐHBD, ngày 30/12/2017'),(389,'H6.06.03.09','Danh sách GV, NCV được bổ nhiệm, điều chuyển trong 05 năm của chu kỳ đánh giá','2','Khoa','','2019 - 2024'),(390,'H6.06.04.01','Quyết định về việc ban hành Quy chế về tổ chức và hoạt động của Trường','1','Trường ĐHBD','','Số 999/QĐ-ĐHBD, ngày 19/10/2020\nSố 04/NQ-ĐHBD-HĐT, ngày 05/10/2022'),(391,'H6.06.04.01','Quyết định về việc ban hành Quy định Nghiên cứu khoa học Trường Đại học Bình Dương','2','Trường ĐHBD','','Số 281/QĐ-ĐHBD, ngày 02/07/2013'),(392,'H6.06.04.01','Quyết định về việc ban hành Quy trình tuyển dụng của Trường Đại học Bình Dương','3','Trường ĐHBD','','Số 197/QĐ-ĐHBD, ngày 18/03/2020'),(393,'H6.06.04.01','Quyết định về việc ban hành Nội quy lao động','4','Trường ĐHBD','','Số 138/QĐ-ĐHBD, ngày 03/03/2020'),(394,'H6.06.04.02','Quyết định thành lập Tổ cập nhật, đánh giá, soạn thảo CTĐT trình độ đại học','1','Trường ĐHBD','','2019, 2022, 2024'),(395,'H6.06.04.02','ĐCCT các học phần','2','Trường ĐHBD','','2019-2024'),(396,'H6.06.04.03','Quy định về công tác chủ nhiệm lớp, CVHT của Trường','','Trường ĐHBD','','Số 1301 QĐ/ĐHBD, ngày 30/12/2020\nSố 254 QĐ/ĐHBD, ngày 11/03/2022'),(397,'H6.06.04.04','Quyết định về việc ban hành Tiêu chí đánh giá, xếp loại đối với CB, NV, GV thuộc Trường ĐHBD','1','Trường ĐHBD','','Số 75/QĐ-ĐHBD, ngày 06/02/2020'),(398,'H6.06.04.04','Quyết định về việc ban hành Tiêu chí đánh giá hiệu suất công việc của CBNV GVCH làm việc tại Trường','2','Trường ĐHBD','','Số 318/QĐ-ĐHBD, ngày 01/04/2022'),(399,'H6.06.04.05','Quyết định về việc ban hành Nội quy lao động','1','Trường ĐHBD','','Số 138/QĐ-ĐHBD, ngày 03/03/2020'),(400,'H6.06.04.05','Quyết định về việc ban hành Quy định làm việc của giảng viên cơ hữu Trường Đại học Bình Dương','2','Trường ĐHBD','','Số 2004/QĐ-ĐHBD, ngày 26/07/2019'),(401,'H6.06.04.06','Bảng tổng hợp đánh giá xếp loại CB, GV, NV hằng tháng','1','Khoa','','2019 - 2024'),(402,'H6.06.04.06','Quyết định khen thưởng năm 2019','2','Trường ĐHBD','','Số 55/QĐ-ĐHBD, ngày 16/01/2020'),(403,'H6.06.04.06','Quyết định khen thưởng năm 2020','3','Trường ĐHBD','','Số 80/QĐ-ĐHBD, ngày 08/02/2021'),(404,'H6.06.04.06','Quyết định khen thưởng năm 2021','4','Trường ĐHBD','','Số 90/QĐ-ĐHBD, ngày 20/01/2022'),(405,'H6.06.04.06','Quyết định khen thưởng năm 2022','5','Trường ĐHBD','','Số 78/QĐ-ĐHBD, ngày 10/01/2023'),(406,'H6.06.04.06','Quyết định khen thưởng năm 2023','6','Trường ĐHBD','','Số 100/QĐ-ĐHBD, ngày 20/01/2024'),(407,'H6.06.04.07','Báo cáo khảo sát đánh giá hoạt động giảng dạy','','Khoa','','2020 - 2024'),(408,'H6.06.05.01','Kế hoạch đào tạo bồi dưỡng, tập huấn CB, GV, NV của Trường','','Trường ĐHBD','','2019 - 2024'),(409,'H6.06.05.02','Báo cáo tổng kết năm học của Khoa Công nghệ thông tin, Robot và Trí tuệ nhân tạo','','Khoa','','2019 - 2024'),(410,'H6.06.05.03','Tập huấn “Phát triển chương trình theo chuẩn đầu ra và xây dựng chuẩn đầu ra theo khung trình độ quốc gia”','1','Trường ĐHBD','','2019 - 2024'),(411,'H6.06.05.03','Tập huấn “Biên soạn và đánh giá ngân hàng đề thi theo chuẩn đầu ra”','2','P. BĐCL\n& KT','','2019 - 2024'),(412,'H6.06.05.03','Tập huấn “Thiết kế và sử dụng Rubric trong đánh giá học tập”','3','P. BĐCL\n& KT','','2019 - 2024'),(413,'H6.06.05.03','Tọa đàm “Đào tạo trực tuyến: chất lượng và giải pháp”','4','P. BĐCL\n& KT','','2019 - 2024'),(414,'H6.06.05.04','Kế hoạch khảo sát nhu cầu đào tạo, bồi dưỡng','1','Khoa','','2019 - 2024'),(415,'H6.06.05.04','Thông báo đăng ký đào tạo và bồi dưỡng','2','Khoa','','2019 - 2024'),(416,'H6.06.05.04','Danh sách đăng ký đào tạo, bồi dưỡng chuyên môn','3','Khoa','','2019 - 2024'),(417,'H6.06.05.04','Quy định đào tạo, bồi dưỡng trong nước và nước ngoài của cán bộ, nhân viên và giảng viên cơ hữu Trường Đại học Bình Dương','4','Trường ĐHBD','','Số 928/QĐ-ĐHBD, ngày 27/12/2021'),(418,'H6.06.05.05','Quyết định về việc ban hành Quy chế chi tiêu nội bộ','1','Trường ĐHBD','','Số 290/QĐ-ĐHBD, ngày 19/04/2021'),(419,'H6.06.05.05','Chi hoạt động Khoa học công nghệ quy định (Trích Quy chế chi tiêu nội bộ)','2','Trường ĐHBD','','Số 290/QĐ-ĐHBD, ngày 19/04/2021'),(420,'H6.06.05.06','Quyết định cử cán bộ khoa tham gia các khóa đào tạo','1','Khoa','','2019 - 2024'),(421,'H6.06.05.06','Các quyết định cử đi học trong và ngoài nước','2','Khoa','','2019 - 2024'),(422,'H6.06.05.07','Quyết định về việc ban hành tiêu chí đánh giá, xếp loại đối với CB, NV, GV thuộc Trường ĐHBD','1','Trường ĐHBD','','Số 75/QĐ-ĐHBD, ngày 06/02/2020'),(423,'H6.06.05.07','Quyết định về việc ban hành tiêu chí đánh giá hiệu suất công việc của CBNV GVCH','2','Trường ĐHBD','','Số 318/QĐ-ĐHBD, ngày 01/04/2022'),(424,'H6.06.06.01','Quyết định về việc ban hành Nội quy lao động','1','Trường ĐHBD','','Số 138/QĐ-ĐHBD, ngày 03/03/2020'),(425,'H6.06.06.01','Quyết định về việc ban hành Quy định làm việc của giảng viên cơ hữu Trường Đại học Bình Dương','2','Trường ĐHBD','','Số 2004/QĐ-ĐHBD, ngày 26/07/2019'),(426,'H6.06.06.02','Quyết định về việc ban hành tiêu chí đánh giá, xếp loại đối với CB, NV, GV thuộc Trường ĐHBD','1','Trường ĐHBD','','Số 75/QĐ-ĐHBD, ngày 06/02/2020'),(427,'H6.06.06.02','Quyết định về việc ban hành tiêu chí đánh giá hiệu suất công việc của CBNV GVCH','2','Trường ĐHBD','','Số 318/QĐ-ĐHBD, ngày 01/04/2022'),(428,'H6.06.06.02','Quyết định về việc ban hành Quy định về công tác thi đua khen thưởng trường ĐHBD','3','Trường ĐHBD','','Số 495/QĐ-ĐHBD, ngày 30/12/2017'),(429,'H6.06.06.03','Biên bản họp Khoa Công nghệ thông tin, Robot và Trí tuệ nhân tạo định kỳ','1','Khoa','','2019 - 2024'),(430,'H6.06.06.03','Phiếu đánh giá hiệu suất lao động hàng tháng','2','Khoa','','2019 - 2024'),(431,'H6.06.06.04','Quyết định về việc ban hành tiêu chí đánh giá, xếp loại đối với CB, NV, GV thuộc Trường ĐHBD','1','Trường ĐHBD','','Số 75/QĐ-ĐHBD, ngày 06/02/2020'),(432,'H6.06.06.04','Quyết định về việc ban hành tiêu chí đánh giá hiệu suất công việc của CBNV, GVCH và NV Trường ĐHBD','2','Trường ĐHBD','','Số 318/QĐ-ĐHBD, ngày 01/04/2022'),(433,'H6.06.06.04','Quyết định khen thưởng năm 2019','3','Trường ĐHBD','','Số 55/QĐ-ĐHBD, ngày 16/01/2020'),(434,'H6.06.06.04','Quyết định khen thưởng năm 2020','4','Trường ĐHBD','','Số 80/QĐ-ĐHBD, ngày 08/02/2021'),(435,'H6.06.06.04','Quyết định khen thưởng năm 2021','5','Trường ĐHBD','','Số 90/QĐ-ĐHBD, ngày 20/01/2022'),(436,'H6.06.06.04','Quyết định khen thưởng năm 2022','6','Trường ĐHBD','','Số 78/QĐ-ĐHBD, ngày 10/01/2023'),(437,'H6.06.06.04','Quyết định khen thưởng năm 2023','7','Trường ĐHBD','','Số 100/QĐ-ĐHBD, ngày 20/01/2024'),(438,'H6.06.06.04','Quyết định khen thưởng đột xuất năm 2021','8','Trường ĐHBD','','Số 475/QĐ-ĐHBD, ngày 25/06/2021'),(439,'H6.06.06.04','Quyết định khen thưởng đột xuất năm 2021','9','Trường ĐHBD','','Số 86/QĐ-ĐHBD, ngày 23/02/2021'),(440,'H6.06.06.05','Bảng thống kê đề tài NCKH','','P. QLKH\n&QHĐN','','2019 - 2024'),(441,'H6.06.06.06','Hồ sơ các đề tài NCKH của GV và SV','1','P. QLKH\n&QHĐN','','2019 - 2024'),(442,'H6.06.06.06','Báo cáo tổng kết hoạt động NCKH của Trường (Trích trong báo cáo tổng kết năm học của Trường)','2','P. QLKH\n&QHĐN','','2019 - 2024'),(443,'H6.06.06.07','Kế hoạch công tác của GV hằng năm','','Khoa','','2019 - 2024'),(444,'H6.06.06.08','Thông báo bình xét, đề nghị khen thưởng tập thể và cá nhân hằng năm','','Trường ĐHBD','','2019 - 2024'),(445,'H6.06.06.09','Các quyết định khen thưởng tập thể và cá nhân Khoa Công nghệ thông tin, Robot và Trí tuệ nhân tạo','','Trường ĐHBD','','2019 - 2024'),(446,'H6.06.06.10','Quyết định khen thưởng GV hoàn thành khoá học TS/ đạt chức danh GS, PGS','','Trường ĐHBD','','2019 - 2024'),(447,'H6.06.06.11','Quyết định về việc ban hành Quy chế chi tiêu nội bộ','1','Trường ĐHBD','','Số 290/QĐ-ĐHBD, ngày 19/04/2021'),(448,'H6.06.06.11','Quyết định về việc ban hành Quy định định mức kinh phí hoạt động khoa học và công nghệ của Trường ĐHBD','2','Khoa','','Số 831/QĐ-ĐHBD, ngày 26/11/2021'),(449,'H6.06.06.11','Quy định khen thưởng hoạt động KH và CN','3','Trường ĐHBD','','Số 2384/QĐ-ĐHBD, ngày 06/09/2019'),(450,'H6.06.06.12','Kế hoạch tham quan nghỉ dưỡng','1','Trường ĐHBD','','2019 - 2024'),(451,'H6.06.06.12','Kế hoạch khám sức khoẻ CB, NV, GV','2','Trường ĐHBD','','2019 - 2024'),(452,'H6.06.07.01','Nghị quyết về việc ban hành chiến lược của Trường Đại học Bình Dương giai đoạn 2020 - 2025, tầm nhìn 2035','','Trường ĐHBD','','Số 07/NQ-ĐHBD-HĐT, ngày 31/12/2020'),(453,'H6.06.07.02','Kế hoạch công tác năm học của GVCH','','Khoa','','2019 – 2024'),(454,'H6.06.07.03','Kế hoạch hoạt động Khoa Công nghệ thông tin, Robot và Trí tuệ nhân tạo','1','P. QLKH\n&QHĐN','','2019 - 2024'),(455,'H6.06.07.03','Báo cáo tổng kết hoạt động NCKH của Trường (Trích trong báo cáo tổng kết năm học của Trường)','2','P. QLKH\n&QHĐN','','2019 - 2024'),(456,'H6.06.07.04','Hồ sơ các đề tài NCKH của GV','1','P. QLKH\n&QHĐN','','2019 - 2024'),(457,'H6.06.07.04','Báo cáo tổng kết năm học của Khoa Công nghệ thông tin, Robot và Trí tuệ nhân tạo','2','Khoa','','2019 - 2024'),(458,'H6.06.07.05','Bảng thống kê đề tài NCKH','1','P. QLKH\n&QHĐN','','2019 - 2024'),(459,'H6.06.07.05','Danh sách đề tài các cấp','2','P. QLKH\n&QHĐN','','2019 - 2024'),(460,'H6.06.07.05','Danh sách các bài báo, giáo trình công bố','3','P. QLKH\n&QHĐN','','2019 - 2024'),(461,'H7.07.01.01','Chiến lược phát triển Khoa 2018 – 2020','1','Khoa','','Số 04/CL-FIRA, ngày 25/05/2018'),(462,'H7.07.01.01','Chiến lược phát triển Khoa 2021 - 2026','2','Khoa','','Số 778/CL-FIRA, ngày 31/12/2020'),(463,'H7.07.01.01','Nghị quyết về việc ban hành chiến lược của Trường Đại học Bình Dương giai đoạn 2020 - 2025, tầm nhìn 2035','3','Trường ĐHBD','','Số 07/NQ-ĐHBD-HĐT, ngày 31/12/2020'),(464,'H7.07.01.02','Quyết định về việc ban hành Quy trình tuyển dụng Trường Đại học Bình Dương','1','Trường ĐHBD','','Số 197/QĐ-ĐHBD, ngày 18/03/2020'),(465,'H7.07.01.02','Quyết định về việc ban hành phụ cấp thu hút của Trường Đại học Bình Dương','2','Trường ĐHBD','','Số 480/QĐ-ĐHBD, ngày 20/12/2012'),(466,'H7.07.01.02','Quy định chế độ chính sách đối với cán bộ, giảng viên, nhân viên của Trường ĐHBD','3','Trường ĐHBD','','Số 496/QĐ-ĐHBD, ngày 30/12/2017'),(467,'H7.07.01.03','Thông báo tuyển dụng','1','Trường ĐHBD','','2019 - 2024'),(468,'H7.07.01.03','Kế hoạch phát triển nhân sự Trường ĐHBD giai đoạn 2020 – 2025','2','Trường ĐHBD','','Số 2160/KH-ĐHBD, ngày 19/08/2019'),(469,'H7.07.01.04','Quyết định về việc phê duyệt Đề án vị trí việc làm','1','Trường ĐHBD','','Số 492/QĐ-ĐHBD, ngày 30/12/2017'),(470,'H7.07.01.04','Nghị quyết về việc phê duyệt Đề án điều chỉnh bổ sung vị trí việc làm giai đoạn 2022-2025 và những năm tiếp theo','2','Trường ĐHBD','','NQ số 01/NQ-ĐHBD-HĐT, ngày 26/01/2024'),(471,'H7.07.01.05','Bản mô tả công việc của nhân viên','','Khoa','','2019 – 2024'),(472,'H7.07.01.06','Danh sách đội ngũ nhân viên hỗ trợ','','Trường ĐHBD','','2019 – 2024'),(473,'H7.07.01.07','Danh sách nhân viên hỗ trợ Khoa Công nghệ thông tin, Robot và Trí tuệ nhân tạo','1','Khoa','','2024'),(474,'H7.07.01.07','Quyết định về việc phân công Giáo viên chủ nhiệm và Cố vấn học tập cho các ngành đào tạo thuộc Trường ĐHBD','2','Trường ĐHBD','','Số 989/QĐ-ĐHBD, ngày 15/09/2022'),(475,'H7.07.01.08','Phiếu khảo sát, báo cáo kết quả khảo sát cán bộ, nhân viên, giảng viên (về chất lượng dịch vụ hỗ trợ)','1','P. TH','','2019 - 2024'),(476,'H7.07.01.08','Báo cáo kết quả khảo sát sự hài lòng của người học (về chất lượng dịch vụ hỗ trợ)','2','P. QLĐT &CTSV','','2019 - 2024'),(477,'H7.07.02.01','Quyết định về việc ban hành Quy trình tuyển dụng của Trường Đại học Bình Dương','','Trường ĐHBD','','Số 197/QĐ-ĐHBD, ngày 18/03/2020'),(478,'H7.07.02.02','Quyết định thành lập Tổ pháp chế thuộc Trường ĐHBD','','Trường ĐHBD','','Số 634/QĐ-ĐHBD, ngày 08/09/2021'),(479,'H7.07.02.03','Quyết định thành lập Hội đồng tuyển dụng thuộc Trường ĐHBD','','Trường ĐHBD','','Số 497/QĐ-ĐHBD, ngày 30/12/2017'),(480,'H7.07.02.04','Các quyết định tuyển dụng, bổ nhiệm và điều chuyển cán bộ, nhân viên, giảng viên thuộc Trường','1','Trường ĐHBD','','2019 – 2024'),(481,'H7.07.02.04','Link thông báo tuyển dụng CBNV\nhttps://www.bdu.edu.vn/dai-hoc-binh-duong-tuyen-dung','2','Trường ĐHBD','','2019 – 2024'),(482,'H7.07.02.04','Hệ thống quản lý văn bản nội bộ Trường ĐHBD\nhttps://qlvb.bdu.edu.vn/','3','Trường ĐHBD','','2019 – 2024'),(483,'H7.07.03.01','Quyết định ban hành tiêu chí đánh giá, xếp loại đối với cán bộ, nhân viên, giảng viên Trường ĐHBD','','Trường ĐHBD','','Số 75/QĐ-ĐHBD, ngày 06/02/2020'),(484,'H7.07.03.02','Quyết định ban hành tiêu chí đánh giá hiệu suất công việc của cán bộ quản lý, giảng viên cơ hữu và nhân viên Trường ĐHBD','1','Trường ĐHBD','','Số 318/QĐ-ĐHBD, ngày 01/04/2022'),(485,'H7.07.03.02','Quyết định về việc bổ sung nội dung tại Khoản 5, Điều 1, Quyết định số 318/QĐ-ĐHBD ngày 01/04/2022 của Trường ĐHBD','2','Trường ĐHBD','','Số 524/QĐ-ĐHBD, ngày 09/06/2022'),(486,'H7.07.03.03','Thông báo về việc thực hiện đánh giá nhân sự hằng năm','','Trường ĐHBD','','2019 - 2024'),(487,'H7.07.03.04','Bảng tổng hợp đánh giá hiệu suất công việc CB, GV, NV hằng tháng','1','Khoa/ Trường','','2019 - 2024'),(488,'H7.07.03.04','Bảng tổng hợp đánh giá hiệu suất công việc CB, GV, NV hằng năm','2','Khoa/ Trường','','2019 - 2024'),(489,'H7.07.03.05','Thông báo về việc tổ chức thi đánh giá năng lực đối với nhân viên các đơn vị thuộc Trường ĐHBD','','Trường ĐHBD','','Số 2232/TB-ĐHBD, ngày 26/08/2019'),(490,'H7.07.03.06','Báo cáo kết quả khảo sát CB, GV, NV','1','Trường ĐHBD','','2019 - 2024'),(491,'H7.07.03.06','Báo cáo khảo sát sinh viên năm cuối','2','P. QLĐT &CTSV','','2019 - 2024'),(492,'H7.07.03.07','BB gặp gỡ đối thoại giữa ban lãnh đạo Nhà trường với sinh viên năm học 2019 - 2024','','Trường ĐHBD','','2019 - 2024'),(493,'H7.07.04.01','Quy định đào tạo, bồi dưỡng trong nước và nước ngoài của cán bộ, nhân viên và giảng viên cơ hữu Trường Đại học Bình Dương','','Trường ĐHBD','','Số 928/QĐ-ĐHBD, ngày 27/12/2021'),(494,'H7.07.04.02','Thông báo các lớp bồi dưỡng, an toàn lao động, PCCC, Quốc phòng - An ninh, Kỹ năng mềm','','Trường ĐHBD','','2019 - 2024'),(495,'H7.07.04.03','Kế hoạch đào tạo bồi dưỡng CB, GV, NV của Trường','','Trường ĐHBD','','2019 - 2024'),(496,'H7.07.04.04','Kết quả bồi dưỡng, nâng cao chất lượng cán bộ - Giảng viên - Nhân viên','','Trường ĐHBD','','2019 - 2024'),(497,'H7.07.04.05','Báo cáo kết quả nhu cầu học tập bồi dưỡng, nâng cao trình độ của CB, NV và NLĐ tại Trường','','P. TH','','2019 - 2024'),(498,'H7.07.04.06','Quyết định cử đi học','','Trường ĐHBD','','2019 - 2024'),(499,'H7.07.05.01','Quyết định về việc ban hành tiêu chí đánh giá, xếp loại đối với CB, NV, GV thuộc Trường ĐHBD','1','Trường ĐHBD','','Số 75/QĐ-ĐHBD, ngày 06/02/2020'),(500,'H7.07.05.01','Quyết định về việc ban hành tiêu chí đánh giá hiệu suất công việc của CBQL, GVCH và nhân viên Trường','2','Trường ĐHBD','','Số 318/QĐ-ĐHBD, ngày 01/04/2022'),(501,'H7.07.05.01','Quyết định về việc ban hành Nội quy lao động','3','Trường ĐHBD','','Số 138/QĐ-ĐHBD, ngày 03/03/2020'),(502,'H7.07.05.01','Quyết định về việc ban hành Quy định về công tác thi đua khen thưởng trong Trường ĐHBD','4','Trường ĐHBD','','Số 495/QĐ-ĐHBD, ngày 30/12/2017'),(503,'H7.07.05.02','Kế hoạch công tác năm học của nhân viên','','Khoa','','2019 – 2024'),(504,'H7.07.05.03','Thông báo góp ý dự thảo Quyết định Ban hành tiêu chí đánh giá, xếp loại đối với cán bộ, nhân viên, giảng viên Trường ĐHBD','1','Trường ĐHBD','','2019'),(505,'H7.07.05.03','Thông báo góp ý dự thảo Quyết định Ban hành tiêu chí đánh giá hiệu suất công việc của cán bộ quản lý, giảng viên cơ hữu và nhân viên Trường ĐHBD','2','Trường ĐHBD','','2022'),(506,'H7.07.05.04','Quyết định khen thưởng năm 2019','1','Trường ĐHBD','','Số 55/QĐ-ĐHBD, ngày 16/01/2020'),(507,'H7.07.05.04','Quyết định khen thưởng năm 2020','2','Trường ĐHBD','','Số 80/QĐ-ĐHBD, ngày 08/02/2021'),(508,'H7.07.05.04','Quyết định khen thưởng năm 2021','3','Trường ĐHBD','','Số 90/QĐ-ĐHBD, ngày 20/01/2022'),(509,'H7.07.05.04','Quyết định khen thưởng năm 2022','4','Trường ĐHBD','','Số 78/QĐ-ĐHBD, ngày 10/01/2023'),(510,'H7.07.05.04','Quyết định khen thưởng năm 2023','5','Trường ĐHBD','','Số 100/QĐ-ĐHBD, ngày 20/01/2024'),(511,'H7.07.05.04','Hệ thống quản lý văn bản nội bộ Trường ĐHBD\nhttps://qlvb.bdu.edu.vn/','6','Trường ĐHBD','','2019-2024'),(512,'H8.08.01.01','Đề án tuyển sinh 2019 – 2024','','Trường ĐHBD','','2019 - 2024'),(513,'H8.08.01.02','Link chuyên trang tuyển sinh năm 2024\n https://tuyensinh.bdu.edu.vn/','','Trường ĐHBD','','2024'),(514,'H8.08.01.03','Cẩm nang tuyển sinh năm 2024','1','Trường ĐHBD','','2024'),(515,'H8.08.01.03','Cẩm nang tuyển sinh năm 2023','2','Trường ĐHBD','','2023'),(516,'H8.08.01.04','Biên bản họp tổng kết kết quả tuyển sinh năm 2019','1','Trường ĐHBD','','Số 182/BB-P.PTTT&TVTS, ngày 31/12/2019'),(517,'H8.08.01.04','Biên bản họp tổng kết kết quả tuyển sinh năm 2020','2','Trường ĐHBD','','Số 168/BB-P.PTTT&TVTS, ngày 30/9/2020'),(518,'H8.08.01.04','Biên bản họp tổng kết kết quả tuyển sinh năm 2021','3','Trường ĐHBD','','Số 117/BB-BTS, ngày 17/11/2021'),(519,'H8.08.01.04','Báo cáo tổng kết kết quả tuyển sinh năm 2022','4','Trường ĐHBD','','Số 118/BC-BTS, ngày 23/10/2022'),(520,'H8.08.01.04','Báo cáo tổng kết kết quả tuyển sinh năm 2023','5','Trường ĐHBD','','Số 158/BC-PTS, ngày 23/10/2022'),(521,'H8.08.01.05','Phân tích dự báo nhu cầu (Báo cáo về việc đánh giá kết quả khảo sát sinh viên khóa 26)','','Trường ĐHBD','','2023'),(522,'H8.08.01.06','Các phân tích, báo cáo thị trường lao động tỉnh Bình Dương','1','Trung tâm dịch vụ việc làm Tỉnh Bình Dương','','2019 - 2024'),(523,'H8.08.01.06','Báo cáo khảo sát tình hình việc làm của NH đã tốt nghiệp','2','Trường ĐHBD','','2019 - 2024'),(524,'H8.08.01.07','Biên bản họp lấy ý kiến các bên liên quan trong việc xây dựng và rà soát, đánh giá chính sách tuyển sinh và tiêu chí, phương pháp tuyển chọn người học','1','Trường ĐHBD','','Số 188/BB-P. PTTT&TVTS, ngày 25/12/2020'),(525,'H8.08.01.07','Biên bản họp lấy ý kiến các bên liên quan trong việc xây dựng và rà soát, đánh giá chính sách tuyển sinh và tiêu chí, phương pháp tuyển chọn người học','2','Trường ĐHBD','','Số 199/BB-P. PTTT&TVTS, ngày 30/12/2020'),(526,'H8.08.01.07','Biên bản họp lấy ý kiến các bên liên quan trong việc xây dựng và rà soát, đánh giá chính sách tuyển sinh và tiêu chí, phương pháp tuyển chọn người học','3','Trường ĐHBD','','Số 177/BB-P. PTTT&TVTS, ngày 26/12/2019'),(527,'H8.08.01.07','Biên bản họp lấy ý kiến các bên liên quan trong việc xây dựng và rà soát, đánh giá chính sách tuyển sinh và tiêu chí, phương pháp tuyển chọn người học','4','Trường ĐHBD','','Số 190/BB-P. PTTT&TVTS, ngày 28/12/2020'),(528,'H8.08.01.07','Biên bản họp lấy ý kiến các bên liên quan trong việc xây dựng và rà soát, đánh giá chính sách tuyển sinh và tiêu chí, phương pháp tuyển chọn người học','5','Trường ĐHBD','','Số 190/BB-BTS, ngày 25/12/2021'),(529,'H8.08.01.07','Biên bản họp lấy ý kiến các bên liên quan trong việc xây dựng và rà soát, đánh giá chính sách tuyển sinh và tiêu chí, phương pháp tuyển chọn người học','6','Trường ĐHBD','','2022'),(530,'H8.08.01.07','Biên bản họp lấy ý kiến các bên liên quan trong việc xây dựng và rà soát, đánh giá chính sách tuyển sinh và tiêu chí, phương pháp tuyển chọn người học','7','Trường ĐHBD','','2023'),(531,'H8.08.01.07','Biên bản họp lấy ý kiến các bên liên quan trong việc xây dựng và rà soát, đánh giá chính sách tuyển sinh và tiêu chí, phương pháp tuyển chọn người học','8','Trường ĐHBD','','2024'),(532,'H8.08.02.01','Quy chế TS trình độ ĐH','','Bộ GD&ĐT','','Số 08/2022/TT- BGDĐT, ngày\n06/06/2022'),(533,'H8.08.02.02','Đề án tuyển sinh 2019 - 2023','','Trường ĐĐBD','','2019-2023'),(534,'H8.08.02.03','Kế hoạch tổ chức thực hiện công tác tuyển sinh năm 2020','1','Trường ĐHBD','','Số 06/BTK-HĐTS 2020, ngày 22/07/2020'),(535,'H8.08.02.03','Kế hoạch về việc tổ chức thực hiện công tác tuyển sinh năm 2021','2','Trường ĐHBD','','2021'),(536,'H8.08.02.03','Kế hoạch về việc tổ chức thực hiện công tác tuyển sinh năm 2022','3','Trường ĐHBD','','2022'),(537,'H8.08.02.03','Kế hoạch về việc thực hiện công tác tuyển sinh năm 2023','4','Trường ĐHBD','','2023'),(538,'H8.08.02.03','Kế hoạch về việc tổ chức thực hiện công tác tuyển sinh năm 2024','5','Trường ĐHBD','','2024'),(539,'H8.08.02.04','Link đề án tuyển sinh\nhttps://www.bdu.edu.vn/de-an/de-an-tuyen-sinh-2024-1598.html','1','Website','','2024'),(540,'H8.08.02.04','Link chuyên trang tuyển sinh\nhttp://tuyensinh.bdu.edu.vn','2','Website','','2024'),(541,'H8.08.02.05','Các phân tích, báo cáo thị trường lao động tỉnh Bình Dương','1','Trung tâm dịch vụ việc làm Tỉnh Bình Dương','','2019-2024'),(542,'H8.08.02.05','Báo cáo khảo sát tình hình việc làm của NH đã tốt nghiệp','2','Trường ĐHBD','','2019 - 2024'),(543,'H8.08.02.05','Báo cáo tổng kết tuyển sinh năm 2020','3','Trường ĐHBD','','Số 78/BC-ĐHBD, ngày 04/03/2021'),(544,'H8.08.02.05','Báo cáo tổng kết tuyển sinh năm 2021','4','Trường ĐHBD','','2021'),(545,'H8.08.02.05','Báo cáo tổng kết tuyển sinh năm 2022','5','Trường ĐHBD','','2022'),(546,'H8.08.02.05','Báo cáo tổng kết tuyển sinh năm 2023','6','Trường ĐHBD','','2023'),(547,'H8.08.02.05','Báo cáo tổng kết tuyển sinh năm 2024','7','Trường ĐHBD','','2024'),(548,'H8.08.02.06','Biên bản họp lấy ý kiến các bên liên quan trong việc xây dựng và rà soát, đánh giá chính sách tuyển sinh và tiêu chí, phương pháp tuyển chọn người học','1','Trường ĐHBD','','Số 188/BB-P. PTTT&TVTS, ngày 25/12/2020'),(549,'H8.08.02.06','Biên bản họp lấy ý kiến các bên liên quan trong việc xây dựng và rà soát, đánh giá chính sách tuyển sinh và tiêu chí, phương pháp tuyển chọn người học','2','Trường ĐHBD','','Số 199/BB-P. PTTT&TVTS, ngày 30/12/2020'),(550,'H8.08.02.06','Biên bản họp lấy ý kiến các bên liên quan trong việc xây dựng và rà soát, đánh giá chính sách tuyển sinh và tiêu chí, phương pháp tuyển chọn người học','3','Trường ĐHBD','','Số 177/BB-P. PTTT&TVTS, ngày 26/12/2019'),(551,'H8.08.02.06','Biên bản họp lấy ý kiến các bên liên quan trong việc xây dựng và rà soát, đánh giá chính sách tuyển sinh và tiêu chí, phương pháp tuyển chọn người học','4','Trường ĐHBD','','Số 190/BB-P. PTTT&TVTS, ngày 28/12/2020'),(552,'H8.08.02.06','Biên bản họp lấy ý kiến các bên liên quan trong việc xây dựng và rà soát, đánh giá chính sách tuyển sinh và tiêu chí, phương pháp tuyển chọn người học','5','Trường ĐHBD','','Số 190/BB-BTS, ngày 25/12/2021'),(553,'H8.08.02.06','Biên bản họp lấy ý kiến các bên liên quan trong việc xây dựng và rà soát, đánh giá chính sách tuyển sinh và tiêu chí, phương pháp tuyển chọn người học','6','Trường ĐHBD','','2022'),(554,'H8.08.02.06','Biên bản họp lấy ý kiến các bên liên quan trong việc xây dựng và rà soát, đánh giá chính sách tuyển sinh và tiêu chí, phương pháp tuyển chọn người học','7','Trường ĐHBD','','2023'),(555,'H8.08.02.06','Biên bản họp lấy ý kiến các bên liên quan trong việc xây dựng và rà soát, đánh giá chính sách tuyển sinh và tiêu chí, phương pháp tuyển chọn người học','8','Trường ĐHBD','','2024'),(556,'H8.08.03.01','Quy chế đào tạo đại học và cao đẳng theo hệ thống tín chỉ 2021, 2022','','Trường ĐHBD','','Số 484/QĐ-ĐHBD, ngày 30/06/2021\nSố 614/QĐ-ĐHBD, ngày 14/07/2022'),(557,'H8.08.03.02','Quyết định về việc thành lập Tổ Chăm sóc sinh viên trực thuộc Phòng Đào tạo Trường Đại học Bình Dương','1','Trường ĐHBD','','Số 565/QĐ-ĐHBD, ngày 23/06/2022'),(558,'H8.08.03.02','Quy định về việc quy định chức năng, nhiệm vụ và quyền hạn trong công tác chăm sóc, hỗ trợ người học đối với Giáo viên chủ nhiệm, Cố vấn học tập, Tổ Chăm sóc sinh viên và Tổ Giáo vụ','2','Trường ĐHBD','','Số 254/QĐ-ĐHBD, ngày 11/03/2022'),(559,'H8.08.03.02','Quyết định về việc đổi tên Phòng Đào tạo thuộc Trường Đại học Bình Dương (tên mới: Phòng Quản lý đào tạo và Công tác sinh viên)','3','Trường ĐHBD','','Số 700/QĐ-ĐHBD, ngày 10/08/2020'),(560,'H8.08.03.02','Quyết định về việc quy định chức năng, nhiệm vụ và quyền hạn của Giáo viên chủ nhiệm, Cố vấn học tập','4','Trường ĐHBD','','Số 308/QĐ-ĐHBD, ngày 21/08/2017'),(561,'H8.08.03.02','Quyết định về việc quy định chức năng, nhiệm vụ và quyền hạn của Giáo viên chủ nhiệm, Cố vấn học tập','5','Trường ĐHBD','','Số 1301/QĐ-ĐHBD, ngày 30/12/2020'),(562,'H8.08.03.02','Quyết định về việc phân công Giáo viên chủ nhiệm, Cố vấn học tập năm học 2024-2025','6','Trường ĐHBD','','Số 1780/QĐ-ĐHBD, ngày 26/08/2024'),(563,'H8.08.03.03','Hệ thống quản lý Edusoft Net','','Website','','2024'),(564,'H8.08.03.04','Mục 7,8,9 cuốn CTĐT ngành CNTT','1','Khoa','','2019, 2023'),(565,'H8.08.03.04','QĐ ban hành khung kế hoạch thời gian năm học 2019-2020','2','Trường ĐHBD','','Số 118/QĐ-ĐHBD, ngày 09/1/2019'),(566,'H8.08.03.04','QĐ ban hành khung kế hoạch thời gian năm học 2020-2021','3','Trường ĐHBD','','Số 200/QĐ-ĐHBD, ngày 18/03/2020'),(567,'H8.08.03.04','QĐ ban hành khung kế hoạch thời gian năm học 2021-2022','4','Trường ĐHBD','','Số 192/QĐ-ĐHBD, ngày 29/03/2021'),(568,'H8.08.03.04','QĐ ban hành khung kế hoạch thời gian năm học 2022-2023','5','Trường ĐHBD','','Số 507/QĐ-ĐHBD, ngày 03/06/2022'),(569,'H8.08.03.04','QĐ ban hành khung kế hoạch thời gian năm học 2023-2024','6','Trường ĐHBD','','Số 971/QĐ-ĐHBD, ngày 09/06/2023'),(570,'H8.08.03.05','Sổ tay sinh viên\n- Từ năm 2019 – 2023 (file)\n- Từ năm học 2021 – 2020 trở đi: https://daotao.bdu.edu.vn/sinh-vien/so-tay-sinh-vien-2020.html','','Website','','2019 – 2024'),(571,'H8.08.03.06','Quyết định về việc ban hành Quy định công tác tổ chức thi và chấm thi kết thúc học phần trình độ đại học, cao đẳng và sau đại học của trường Đại học Bình Dương năm 2022','','Trường ĐHBD','','Số 704/QĐ-ĐHBD, ngày 01/08/2022'),(572,'H8.08.03.07','Danh sách SV cảnh báo học vụ năm 2020','1','Trường ĐHBD','','Số 1213/QĐ-ĐHBD, ngày 14/12/2020'),(573,'H8.08.03.07','Danh sách SV cảnh báo học vụ năm 2021','2','Trường ĐHBD','','2021'),(574,'H8.08.03.07','Danh sách SV cảnh báo học vụ năm 2022','3','Trường ĐHBD','','Số 921/QĐ-ĐHBD, ngày 08/09/2022'),(575,'H8.08.03.07','Danh sách SV cảnh báo học vụ năm 2023','4','Trường ĐHBD','','2023'),(576,'H8.08.03.07','Danh sách SV cảnh báo học vụ năm 2024','5','Trường ĐHBD','','2024'),(577,'H8.08.03.08','Quyết định về việc ban hành Quy chế đánh giá kết quả rèn luyện sinh viên hệ đại học chính quy Trường Đại học Bình Dương.','','Trường ĐHBD','','Số 551/QĐ-ĐHBD,\nngày 30/07/2018'),(578,'H8.08.03.09','Danh sách cộng điểm rèn luyện SV','','Khoa','','2019 - 2024'),(579,'H8.08.03.10','Dữ liệu kết quả học tập của NH','','Khoa','','2019 - 2024'),(580,'H8.08.03.11','Thông báo xét học bổng của Trường','','Trường ĐHBD','','2019 - 2024'),(581,'H8.08.03.12','Quyết định chi tiền học bổng và các khoản hỗ trợ SV\nhttps://daotao.bdu.edu.vn/sinh-vien/hoat-dong-sinh-vien/hoc-bong','1','Trường ĐHBD','','2019 - 2024'),(582,'H8.08.03.12','Quyết định tặng học học bổng  năm 2022 - 2024','2','Trường ĐHBD','','2022 - 2024'),(583,'H8.08.03.13','BB gặp gỡ đối thoại giữa Ban lãnh đạo Nhà trường với sinh viên năm học 2019 - 2020','1','Trường ĐHBD','','2019'),(584,'H8.08.03.13','BB gặp gỡ đối thoại giữa Ban lãnh đạo Nhà trường với sinh viên năm học 2020 – 2021','2','Trường ĐHBD','','2020'),(585,'H8.08.03.13','BB gặp gỡ đối thoại giữa Ban lãnh đạo Nhà trường với sinh viên năm học 2021 - 2022','3','Trường ĐHBD','','2021'),(586,'H8.08.04.01','Quyết định về việc thành lập Tổ Chăm sóc sinh viên trực thuộc Phòng Đào tạo Trường Đại học Bình Dương','','Trường ĐHBD','','Số 565/QĐ-ĐHBD, ngày 23/06/2022'),(587,'H8.08.04.02','Quy định về việc quy định chức năng, nhiệm vụ và quyền hạn trong công tác chăm sóc, hỗ trợ người học đối với Giáo viên chủ nhiệm, Cố vấn học tập, Tổ Chăm sóc sinh viên và Tổ Giáo vụ','','Trường ĐHBD','','Số 254/QĐ-ĐHBD, ngày 11/03/2022'),(588,'H8.08.04.03','Quyết định về việc đổi tên Phòng Đào tạo thuộc Trường Đại học Bình Dương (tên mới: Phòng Quản lý đào tạo và Công tác sinh viên)','','Trường ĐHBD','','Số 700/QĐ-ĐHBD, ngày 10/08/2020'),(589,'H8.08.04.04','Quyết định về việc quy định chức năng, nhiệm vụ và quyền hạn của Giáo viên chủ nhiệm, Cố vấn học tập','1','Trường ĐHBD','','Số 308/QĐ-ĐHBD, ngày 21/08/2017'),(590,'H8.08.04.04','Quyết định về việc quy định chức năng, nhiệm vụ và quyền hạn của Giáo viên chủ nhiệm, Cố vấn học tập','2','Trường ĐHBD','','Số 1301/QĐ-ĐHBD, ngày 30/12/2020'),(591,'H8.08.04.04','Thông báo phân công nhiệm vụ thực hiện công tác tổ chức quản lý sinh viên khóa 24','3','Trường ĐHBD','','Số 365/TB-ĐHBD, ngày 05/08/2021'),(592,'H8.08.04.05','Sổ tay sinh viên\n- Từ năm 2019 – 2020 (file)\n- Từ năm học 2021 – 2022 trở đi: https://daotao.bdu.edu.vn/sinh-vien/so-tay-sinh-vien-2020.html','','Website','','2019 - 2024'),(593,'H8.08.04.06','Các chuyên trang hỗ trợ SV:\nhttps://sv.bdu.edu.vn/#/home','','Website','','2024'),(594,'H8.08.04.07','Trung tâm Hỗ trợ Sinh viên thuộc phòng CTSV&CĐT thông báo “Tuyển sinh lớp đào tạo lái xe mô tô hạng A1”-Học ngay tại trường','1','Trường ĐHBD','','2019'),(595,'H8.08.04.07','Những “cạm bẫy” mà tân sinh viên nên tránh xa','2','Trường ĐHBD','','2019'),(596,'H8.08.04.07','Các hoạt động hỗ trợ sv Đào tạo lái xe mô tô hạng A1','3','Trường ĐHBD','','2019'),(597,'H8.08.04.07','Tổ chức “Kỹ năng tìm việc làm và định hướng nghề nghiệp lần XII\"','4','Trường ĐHBD','','2019'),(598,'H8.08.04.07','Góc tư vấn cho sinh viên: HIỂU ĐÚNG VIỆC PART-TIME PHÙ HỢP NHẤT','6','Trường ĐHBD','','2019'),(599,'H8.08.04.07','Tổ chức chương trình “họp mặt sinh viên đón tết xa nhà 2019”','7','Trường ĐHBD','','2020'),(600,'H8.08.04.07','Thông báo thông tin tìm việc làm cho SV K22','8','Trường ĐHBD','','2019'),(601,'H8.08.04.07','Tổ chức chương trình hướng dẫn Kỹ năng tìm việc và định hướng nghề nghiệp','9','Trường ĐHBD','','2019'),(602,'H8.08.04.07','Chương trình \"vững bước đến trường\" - hỗ trợ cho vay học phí đại học lãi suất 0 đồng','10','Trường ĐHBD','','2021'),(603,'H8.08.04.07','Kế hoạch tổ chức giao lưu giữa lãnh đạo, giảng viên và Tân sinh viên Khoa IRA','11','Trường ĐHBD','','2020 - 2024'),(604,'H8.08.04.07','Biên bản về việc họp xét khen thưởng cho sinh viên','12','Trường ĐHBD','','2020 - 2024'),(605,'H8.08.04.07','Các hoạt động ngoại khóa năm 2022','13','Trường ĐHBD','','2022'),(606,'H8.08.04.07','Các hoạt động ngoại khóa năm 2023','14','Trường ĐHBD','','2023'),(607,'H8.08.04.07','Các hoạt động ngoại khóa năm 2024','15','Trường ĐHBD','','2024'),(608,'H8.08.04.08','KH tổ chức \"Tuần sinh hoạt công dân - sinh viên\" Năm học 2019 - 2020','1','Trường ĐHBD','','Số 2587/KH-ĐHBD, ngày 02/10/2019'),(609,'H8.08.04.08','KH tổ chức \"Tuần sinh hoạt công dân - sinh viên\" Năm học 2020 - 2021','2','Trường ĐHBD','','Số 500/KH-ĐHBD, ngày 08/10/2020'),(610,'H8.08.04.08','KH tổ chức \"Tuần sinh hoạt công dân - sinh viên\" Năm học 2021 - 2022','3','Trường ĐHBD','','Số 490/KH-ĐHBD, ngày 29/11/2021'),(611,'H8.08.04.08','Tài liệu sinh hoạt tuần công dân - sinh viên','4','Trường ĐHBD','','2019 - 2024'),(612,'H8.08.04.09','Lịch sinh hoạt lớp','1','Khoa','','2019 - 2024'),(613,'H8.08.04.09','Biên bản sinh hoạt lớp','2','Khoa','','2019 - 2024'),(614,'H8.08.04.10','Danh sách các cơ sở đào tạo, các doanh nghiệp/tổ chức phối hợp/liên kết với CSGD trong việc hỗ trợ đào tạo, thực hành, thực tập và tuyển dụng','','Khoa','','2019 - 2024'),(615,'H8.08.04.11','Thông báo và kế hoạch NCKH SV','1','Trường ĐHBD','','2019 - 2024'),(616,'H8.08.04.11','Quyết định về việc giao đề tài NCKH cho sinh viên','2','Khoa','','2019 - 2024'),(617,'H8.08.04.11','Cơ sở vật chất phòng thực hành khoa','3','Khoa','','2019 - 2024'),(618,'H8.08.04.12','Quyết định về thành lập Trung tâm khởi nghiệp đổi mới sáng tạo – Liên kết doanh nghiệp và việc làm sinh viên','','Trường ĐHBD','','Số 1247/QĐ-ĐHBD, ngày 27/10/2022'),(619,'H8.08.04.13','Quyết định về việc ban hành Quy định đào tạo các học phần “Kiến tạo thương hiệu bản thân” cho sinh viên hệ đại học chính quy 2019, 2020.','1','Trường ĐHBD','','Số 2366/QĐ-ĐHBD, ngày 06/09/2019\nSố 762/QĐ-ĐHBD, ngày 21/08/2020'),(620,'H8.08.04.13','Trang thông tin về các lớp kỹ năng mềm \nhttps://sv.bdu.edu.vn/#/home\nTrang Facebook: Khoa IRA:\nhttps://www.facebook.com/fira.bdu.edu','2','Trường ĐHBD','','2024'),(621,'H8.08.04.14','Quyết định về việc thành lập CLB Công nghệ số','1','Trường ĐHBD','','Số 136/QĐ-ĐHBD, ngày 01/02/2023'),(622,'H8.08.04.14','Kế hoạch hoạt động của CLB Công nghệ số thuộc Khoa IRA','2','Khoa','','2024'),(623,'H8.08.04.14','Thông báo tổ chức các hoạt động học thuật sinh viên','3','Khoa','','2019 - 2024'),(624,'H8.08.04.15','Thông báo và Kế hoạch tổ chức các hoạt động ngoài khóa sv (địa chỉ đỏ, mùa hè xanh)','1','Khoa','','2019 - 2024'),(625,'H8.08.04.15','Thông báo và Kế hoạch tổ chức các hoạt động phong trào sv hằng năm (Văn nghệ, Hội thao, ngày hội sinh viên, gala sinh viên,…)','2','Khoa','','2019 - 2024'),(626,'H8.08.04.15','Hình ảnh hoạt động sinh viên','3','Khoa','','2019 - 2024'),(627,'H8.08.04.16','Trang web thông báo các thông tin việc làm cho SV\nSinh viên Đại học Bình Dương - Home | Facebook\nhttps://www.bdu.edu.vn/tuyen-dung/doanh-nghiep-tuyen-dung','1','Website','','2024'),(628,'H8.08.04.16','Kế hoạch tổ chức Lễ trao bằng tốt nghiệp - Ngày hội việc làm','2','Trường ĐHBD','','Số 665/KH-ĐHBD, ngày 27/11/2020'),(629,'H8.08.04.16','Kế hoạch tổ chức Lễ trao bằng tốt nghiệp - Ngày hội việc làm năm 2022, 2023, 2024','3','Trường ĐHBD','','2022 - 2024'),(630,'H8.08.04.17','Kế hoạch thực tập, thực tế cho sinh viên tại các cơ sở doanh nghiệp','','Khoa','','2019 - 2024'),(631,'H8.08.04.18','Trang web Khoa IRA thông báo các thông tin tuyển dụng','','Khoa','','2024'),(632,'H8.08.04.19','Báo cáo kết quả khảo sát sinh viên năm cuối','1','P. QLĐT\n&CTSV','','2019 - 2024'),(633,'H8.08.04.19','Báo cáo tổng kết hoạt động hỗ trợ NH','2','Khoa','','2019 - 2024'),(634,'H8.08.04.19','Thông báo về việc tổ chức Hội nghị đối thoại giữa Ban lãnh đạo Nhà trường với sinh viên năm học 2019 - 2020','3','Trường ĐHBD','','Số 313/TB-CTSV&ĐT, ngày 17/09/2019'),(635,'H8.08.04.19','Thông báo về việc tổ chức Hội nghị đối thoại giữa Ban lãnh đạo Nhà trường với sinh viên năm học 2020 - 2021','4','Trường ĐHBD','','Số 143/TB-CTSV&ĐT, ngày 11/09/2020'),(636,'H8.08.04.19','BB gặp gỡ đối thoại giữa ban lãnh đạo Nhà trường với sinh viên năm học 2018 – 2019','5','Trường ĐHBD','','2019'),(637,'H8.08.04.19','BB gặp gỡ đối thoại giữa ban lãnh đạo Nhà trường với sinh viên năm học 2019 – 2020','6','Trường ĐHBD','','2020'),(638,'H8.08.04.19','BB gặp gỡ đối thoại giữa ban lãnh đạo Nhà trường với sinh viên năm học 2020 - 2021','7','Trường ĐHBD','','2021'),(639,'H8.08.04.19','BB gặp gỡ đối thoại giữa ban lãnh đạo Nhà trường với sinh viên năm học 2021 – 2022','8','Trường ĐHBD','','2022'),(640,'H8.08.04.19','BB gặp gỡ đối thoại giữa ban lãnh đạo Nhà trường với sinh viên năm học 2022 - 2023','9','Trường ĐHBD','','2023'),(641,'H8.08.04.19','BB gặp gỡ đối thoại giữa ban lãnh đạo Nhà trường với sinh viên năm học 2023 - 2024','10','Trường ĐHBD','','2024'),(642,'H8.08.05.01','Quyết định ban hành Quy tắc ứng xử của cán bộ, giảng viên, người lao động và người học Trường Đại học Bình Dương','','Trường ĐHBD','','Số 1110/QĐ-ĐHBD, ngày 06/11/2020'),(643,'H8.08.05.02','Các bảng/biển phổ biến nội quy/quy tắc ứng xử trong CSGD','','P. TH','','2022 - 2024'),(644,'H8.08.05.03','Đề nghị huấn luyện công tác phòng cháy chữa cháy','1','Trường ĐHBD','','Số 2727/QĐ-ĐHBD, ngày 25/10/2019'),(645,'H8.08.05.03','Quyết định thành lập đội phòng cháy chữa cháy thuộc trường Đại học Bình Dương','2','Trường ĐHBD','','Số 2736/QĐ-ĐHBD, ngày 28/10/2019'),(646,'H8.08.05.03','Kế hoạch huấn luyện, bồi dưỡng nghiệp vụ phòng cháy chữa cháy Trường Đại học Bình Dương','3','Trường ĐHBD','','Số 2884/QĐ-ĐHBD, ngày 25/11/2019'),(647,'H8.08.05.03','Đề nghị tập huấn nghiệp vụ phòng cháy chữa cháy','4','Trường ĐHBD','','Số 2885/QĐ-ĐHBD, ngày 25/11/2019\nSố 229/QĐ-ĐHBD, ngày 27/04/2022'),(648,'H8.08.05.03','Đề nghị thực tập phương án chữa cháy','5','Trường ĐHBD','','Số 2886/QĐ-ĐHBD, ngày 25/11/2019'),(649,'H8.08.05.03','Thông báo triệu tập cán bộ, nhân viên, giảng viên cơ hữu tham gia lớp tập huấn nghiệp vụ phòng cháy chữa cháy','6','Trường ĐHBD','','Số 3027/QĐ-ĐHBD, ngày 12/12/2019'),(650,'H8.08.05.03','Quyết định thành lập ban chỉ đạo phòng, chống dịch bệnh viêm đường hô hấp cấp do chủng mới của vi rút corona (nCoV)','7','Trường ĐHBD','','Số 99/QĐ-ĐHBD, ngày 18/02/2020'),(651,'H8.08.05.03','Quyết định bổ sung thành viên ban chỉ đạo phòng, chống dịch bệnh viêm đường hô hấp cấp do chủng mới của vi rút corona (nCoV)','8','Trường ĐHBD','','Số 228/QĐ-ĐHBD, ngày 01/04/2020'),(652,'H8.08.05.03','Quyết định ban hành hướng dẫn phương án phòng, chống dịch khi có trường hợp nghi ngờ mắc Covid-19 tại Trường Đại học Bình Dương','9','Trường ĐHBD','','Số 444/QĐ-ĐHBD, ngày 04/06/2020'),(653,'H8.08.05.03','Kế hoạch tập huấn và bổ sung kiến thức về phòng, chống bệnh truyền nhiễm','10','Trường ĐHBD','','Số 77/KH-ĐHBD, ngày 06/03/2020'),(654,'H8.08.05.03','Kế hoạch triển khai chiến dịch diệt lăng quăng, tăng cường vệ sinh và truyền thông phòng chống dịch bệnh sốt xuất huyết, zika và bệnh tay chân miệng tỉnh Bình Dương năm 2021 tại Trường Đại học Bình Dương','11','Trường ĐHBD','','Số 152/KH-ĐHBD, ngày 05/04/2020'),(655,'H8.08.05.04','Biên bản kiểm tra về phòng cháy và chữa cháy\nKiểm tra an toàn phòng cháy chữa cháy định kỳ','1','Cảnh sát PC&CC tỉnh Bình Dương','','2018'),(656,'H8.08.05.04','Biên bản kiểm tra về phòng cháy, chữa cháy, cứu nạn, cứu hộ việc chấp hành quy định an toàn PCCC','2','Công an tp. Thủ Dầu Một tỉnh Bình Dương','','2019-2022'),(657,'H8.08.05.04','Hợp đồng mua bán máy bơm phòng cháy chữa cháy','3','Trường ĐHBD','','Số 21.02/HĐKT'),(658,'H8.08.05.04','Biên bản kiểm tra về việc tự kiểm tra phòng cháy và chữa cháy Quý II năm 2020','4','Trường ĐHBD','','2020'),(659,'H8.08.05.04','Báo cáo về công tác phòng cháy chữa cháy năm 2020','5','Trường ĐHBD','','Số 544/QĐ-ĐHBD, ngày 15/10/2020'),(660,'H8.08.05.04','Tờ trình xin ý kiến thiết kế cơ sở về phòng cháy chữa cháy','6','Trường ĐHBD','','Số 69/TTr-ĐHBD, ngày 16/02/2022'),(661,'H8.08.05.04','Kế hoạch xây dựng, triển khai thực hiện mô hình phong trào toàn dân bảo vệ ANTQ Trường Đại học Bình Dương','7','Trường ĐHBD','','Số 336/QĐ-ĐHBD, ngày 29/06/2021'),(662,'H8.08.05.04','Biên bản cuộc họp công tác kiểm tra PCCC và các công tác khác','8','Trường ĐHBD','','Số 39/BB-ĐHBD, ngày 25/11/2022'),(663,'H8.08.05.04','Kế hoạch tổ chức tập huấn nội bộ công tác PCCC, cứu nạn cứu hộ lần 1 năm 2024','9','Trường ĐHBD','','Số 354/KH-ĐHBD, ngày 26/4/2024'),(664,'H8.08.05.05','Thông báo lịch khám sức khỏe sinh viên đầu khóa 2019 - 2020','1','Trạm Y tế Trường ĐHBD','','Số 001TB-YT, ngày 25/09/2019'),(665,'H8.08.05.05','Thông báo lịch khám sức khỏe sinh viên đầu khóa 2020 - 2021','2','Trạm Y tế Trường ĐHBD','','Số 001TB-YT, ngày 21/09/2020'),(666,'H8.08.05.05','Thông báo lịch khám sức khỏe sinh viên đầu khóa 2021 - 2022','3','Trạm Y tế Trường ĐHBD','','Số 001TB-YT, ngày 28/09/2022'),(667,'H8.08.05.05','Thông báo lịch khám sức khỏe sinh viên đầu khóa 2022 - 2023','4','Trường ĐHBD','','Số 688/TB-ĐHBD, ngày 15/11/2022'),(668,'H8.08.05.05','Thông báo lịch khám sức khỏe sinh viên đầu khóa 2023 - 2024','5','Trường ĐHBD','','Số 923/TB-ĐHBD, ngày 25/09/2023'),(669,'H8.08.05.05','Thông báo về việc khám sức khỏe định kỳ cho CBNV, GVCH, NLĐ thuộc trường ĐHBD năm 2020','6','Trường ĐHBD','','Số 433/TB-ĐHBD, ngày 09/09/2020'),(670,'H8.08.05.05','Thông báo về việc khám sức khỏe định kỳ cho CBNV, GVCH, NLĐ thuộc trường ĐHBD năm 2022','7','Trường ĐHBD','','Số 299/TB-ĐHBD, ngày 31/05/2022'),(671,'H8.08.05.05','Thông báo về việc khám sức khỏe định kỳ cho CBNV, GVCH, NLĐ thuộc trường ĐHBD năm 2023','8','Trường ĐHBD','','Số 740/TB-ĐHBD, ngày 08/08/2023'),(672,'H8.08.05.05','Thông báo về việc khám sức khỏe định kỳ cho CBNV, GVCH, NLĐ thuộc trường ĐHBD năm 2024','9','Trường ĐHBD','','Số 1121/TB-ĐHBD, ngày 03/10/2024'),(673,'H8.08.05.06','Thông báo Công khai thông tin sơ sở vật chất của Trường Đại học Bình Dương năm học 2023 - 2024 \n(Trích trong Báo cáo kết quả thực hiện công khai năm học 2023 - 2024 và kế hoạch thực hiện công khai năm 2024 - 2025)','','Trường ĐHBD','','2023 - 2024'),(674,'H8.08.05.07','Quyết định giao đất, sơ đồ thiết kế/ bản vẽ hoàn công các công trình xây dựng','','P. TH','','2019 - 2024'),(675,'H8.08.05.08','Sơ đồ bố trí khu hiệu bộ, giảng đường, các phòng/khoa, hội trường, thư viện, khu thực hành, thực tập… ký túc xá','','P. TH','','2019 - 2024'),(676,'H8.08.05.09','Hình ảnh trường, Ký túc xá, Thư viện, TNTH, phòng máy tính…','','Trường ĐHBD','','2019 - 2024'),(677,'H8.08.05.10','Nội quy/nhật ký phòng máy, phòng thực hành','','Trường ĐHBD','','2019 - 2024'),(678,'H8.08.05.11','Hình ảnh Hội trường và sân bóng','','Trường ĐHBD','','2019 - 2023'),(679,'H8.08.05.12','BB gặp gỡ đối thoại giữa ban lãnh đạo Nhà trường với sinh viên năm học 2018 – 2019','1','Trường ĐHBD','','2019'),(680,'H8.08.05.12','BB gặp gỡ đối thoại giữa ban lãnh đạo Nhà trường với sinh viên năm học 2019 – 2020','2','Trường ĐHBD','','2020'),(681,'H8.08.05.12','BB gặp gỡ đối thoại giữa ban lãnh đạo Nhà trường với sinh viên năm học 2020 - 2021','3','Trường ĐHBD','','2021'),(682,'H8.08.05.12','BB sinh hoạt lớp','4','Khoa','','2019 - 2023'),(683,'H8.08.05.13','Phiếu đánh giá, báo cáo đánh giá, thống kê về mức độ hài lòng của các bên liên quan về môi trường làm việc, CSVC và dịch vụ hỗ trợ','','P. QLĐT\n&CTSV','','2019 - 2023'),(684,'H9.09.01.01','Website Trường\nhttps://www.bdu.edu.vn/gioi-thieu/cong-khai-tt36-nam-hoc-2021-2022-ke-hoach-thuc-hien-cong-khai-nam-2022-2023.html','','Trường ĐHBD','','2024'),(685,'H9.09.01.02','Sơ đồ bố trí các phòng ban, Khoa, hội Trường, thư viện, phòng thực hành\nSơ đồ hệ thống phòng làm việc, phòng học và các phòng chức năng','1','BP. QTTB','','2012 - 2024'),(686,'H9.09.01.02','Thống kê diện tích phòng làm việc, phòng học và các phòng chức năng','2','BP. QTTB','','2023'),(687,'H9.09.01.03','Quyết định về việc thành lập Ban kiểm kê tài sản, công cụ, dụng cụ năm 2021','1','Trường ĐHBD','','Số 819/QĐ-ĐHBD, ngày 07/11/2021'),(688,'H9.09.01.03','Quyết định về việc thành lập Ban kiểm kê tài sản, công cụ, dụng cụ năm 2022','2','Trường ĐHBD','','2022'),(689,'H9.09.01.03','Quyết định về việc thành lập Ban kiểm kê tài sản, công cụ, dụng cụ năm 2023','3','Trường ĐHBD','','2023'),(690,'H9.09.01.04','Hình ảnh phòng học lý thuyết','1','BP. QTTB','','2023'),(691,'H9.09.01.04','Danh mục kiểm kê tài sản phòng học','2','BP. QTTB','','2021 – 2023'),(692,'H9.09.01.05','Thống kê kinh phí dành cho đầu tư CSVC và trang thiết bị\nKế hoạch mua sắm','1','BP. QTTB','','2022 - 2024'),(693,'H9.09.01.06','Sơ đồ bố trí phòng thực hành và danh mục phòng thực hành, thí nghiệm','1','BP. QTTB','','2023'),(694,'H9.09.01.06','Thống kê danh mục trang thiết bị của phòng thực hành, thí nghiệm.','2','Khoa','','2022 -2023'),(695,'H9.09.01.07','- Kết quả khảo sát GV, SV về CSVC\n- Biên bản gặp gỡ đối thoại giữa Ban lãnh đạo Nhà trường với sinh viên','1','Trường ĐHBD','','2020 - 2023'),(696,'H9.09.02.01','Quyết định về việc thành lập Thư viện Trường Đại học dân lập Bình Dương','1','Trường ĐHBD','','Số 056/QĐ-TCCB/2001, ngày 19/6/2001'),(697,'H9.09.02.01','Quyết định về việc thành lập Trung tâm Lưu trữ và Thư viện thuộc Trường ĐHBD','2','Trường ĐHBD','','Số 57/QĐ-ĐHBD, ngày 17/01/2022'),(698,'H9.09.02.02','Sơ đồ bố trí Thư viện tại cơ sở chính','1','TT. LT&TV','','2024'),(699,'H9.09.02.02','Sơ đồ bố trí Thư viện tại Phân hiệu','2','TT. LT&TV','','2024'),(700,'H9.09.02.03','Danh mục trang thiết bị được trang bị tại Thư viện','','TT. LT&TV','','05/9/2024'),(701,'H9.09.02.04','Nội quy Thư viện','1','TT. LT&TV','','11/7/2017'),(702,'H9.09.02.04','Quyết định về việc ban hành Quy chế tổ chức và hoạt động của Thư viện – Tư liệu','2','Trường ĐHBD','','Số 657/QĐ-ĐHBD, ngày 30/12/2016'),(703,'H9.09.02.04','Tài liệu hướng dẫn sử dụng Thư viện','3','TT. LT&TV','','2024'),(704,'H9.09.02.04','Hướng dẫn tra cứu tài liệu trên website Thư viện\nhttp://lib.bdu.edu.vn','4','TT. LT&TV','','2024'),(705,'H9.09.02.04','Lịch làm việc Thư viện','5','TT. LT&TV','','2019 - 2024'),(706,'H9.09.02.04','Hình ảnh lịch làm việc trên website Thư viện','6','TT. LT&TV','','2024'),(707,'H9.09.02.05','Hợp đồng cung cấp phần mềm quản lý thư viện và thư viện số - Libol 6.0','1','Công ty Cổ phần Công nghệ Tinh Vân','','Số 120110/HĐ/TV-ĐHBD, ngày 16/6/2010'),(708,'H9.09.02.05','Hợp đồng kinh tế về việc cung cấp phần mềm quản trị thư viện PSC zLIS 7.0','2','Công ty TNHH Phần mềm và Tư vấn Kim Tự Tháp','','Số 1020718/PSC-BDU/HĐKT, ngày 26/7/2018'),(709,'H9.09.02.05','Hợp đồng về việc cung cấp dịch vụ bảo trì phần mềm quản trị thư viện PSC zLIS 7.0','3','Công ty TNHH Phần mềm và Tư vấn Kim Tự Tháp','','Số 1011121/PSC-TDC/HĐKT, ngày 01/11/2021'),(710,'H9.09.02.05','Hợp đồng về việc cung cấp dịch vụ bảo trì phần mềm quản trị thư viện PSC zLIS 7.0','4','Công ty TNHH Phần mềm và Tư vấn Kim Tự Tháp','','Số 01/2024/PSC-BDU/HĐ, ngày 11/3/2024'),(711,'H9.09.02.06','Link website Thư viện\nhttp://lib.bdu.edu.vn','','TT. LT&TV','','2024'),(712,'H9.09.02.07','Giấy chứng nhận của Liên hiệp Thư viện các trường đại học khu vực phía Nam','1','Liên hiệp Thư viện các trường đại học khu vực phía  Nam','','2001'),(713,'H9.09.02.07','Kế hoạch phối hợp luân chuyển, trưng bày và triển lãm sách, cấp thẻ bạn đọc cho cán bộ, giảng viên và sinh viên của Trường ĐHBD','2','Trường ĐHBD','','Số 02/KH-TV-ĐHBD, ngày 10/4/2017'),(714,'H9.09.02.07','Bản thỏa thuận hợp tác về việc liên kết và hợp tác giữa Trung tâm Thông tin - Thư viện Trường Đại học Nguyễn Tất Thành và Thư viện - Tư liệu Trường ĐHBD','3','Trường ĐHBD','','19/5/2017'),(715,'H9.09.02.07','Hợp đồng trách nhiệm về việc tổ chức việc khai thác thông tin từ thư viện điện tử','4','Trường ĐHBD','','Số 01/HĐ-TV, ngày 26/5/2017'),(716,'H9.09.02.07','Bản thỏa thuận hợp tác về việc liên kết và hợp tác giữa Trung tâm Thông tin - Thư viện Trường Đại học Công nghệ Đồng Nai và Thư viện - Tư liệu Trường ĐHBD','5','Trường ĐHBD','','30/10/2018'),(717,'H9.09.02.07','Bản thỏa thuận hợp tác về việc liên kết và hợp tác giữa Trung tâm Thông tin - Thư viện Trường Đại học Luật TP. HCM và Thư viện - Tư liệu Trường ĐHBD','6','Trường ĐHBD','','23/11/2018'),(718,'H9.09.02.07','Biên bản ghi nhớ về việc trao đổi, chia sẻ tài liệu thư viện giữa Thư viện - Tư liệu Trường ĐHBD và Thư viện Trường Đại học Ngân hàng TP. HCM','7','Trường ĐHBD','','24/12/2018'),(719,'H9.09.02.07','Bản thỏa thuận hợp tác về việc liên kết và hợp tác giữa Thư viện Khoa học xã hội - Viện Khoa học xã hội vùng Nam Bộ và Thư viện - Tư liệu Trường ĐHBD','8','Trường ĐHBD','','15/02/2019'),(720,'H9.09.02.07','Bản thỏa thuận hợp tác thư viện','9','Trường Đại học Khánh Hòa','','24/5/2019'),(721,'H9.09.02.07','Bản thỏa thuận hợp tác về việc liên kết và hợp tác giữa Trung tâm Học liệu Trường Đại học Văn Hiến và Thư viện Trường ĐHBD','10','Trường ĐHBD','','31/12/2020'),(722,'H9.09.02.08','Thống kê số lượng tài liệu theo loại hình','1','TT. LT&TV','','05/9/2024'),(723,'H9.09.02.08','Thống kê tài liệu phục vụ ngành Công nghệ thông tin','2','TT. LT&TV','','05/9/2024'),(724,'H9.09.02.08','Danh mục tạp chí phục vụ ngành Công nghệ thông tin','3','TT. LT&TV','','05/9/2024'),(725,'H9.09.02.08','Thống kê sách bổ sung từ năm học 2019-2020 đến năm học 2023-2024','4','TT. LT&TV','','05/9/2024'),(726,'H9.09.02.08','Thống kê sách biếu tặng từ năm học 2019-2020 đến năm học 2023-2024','5','TT. LT&TV','','05/9/2024'),(727,'H9.09.02.08','Thống kê tài liệu phục vụ ngành Công nghệ thông tin bổ sung từ năm học 2019-2020 đến năm học 2023-2024','6','TT. LT&TV','','05/9/2024'),(728,'H9.09.02.08','Danh mục đặt báo - tạp chí hằng năm','7','TT. LT&TV','','2019 - 2024'),(729,'H9.09.02.08','Danh mục tài liệu Khoa đề xuất bổ sung','8','Khoa','','2019 - 2024'),(730,'H9.09.02.09','Đề cương chi tiết học phần','','Khoa','','2020 - 2024'),(731,'H9.09.02.10','Kinh phí bổ sung tài liệu hằng năm','','TT. LT&TV','','2019 - 2024'),(732,'H9.09.02.11','Hợp đồng kinh tế cung cấp CSDL ProQuest Central','1','Cục Thông tin Khoa học và Công nghệ Quốc gia','','Số 01/LHTV-ITGVN-BDU/2019, ngày 29/10/2019'),(733,'H9.09.02.11','Hợp đồng kinh tế cung cấp CSDL ProQuest Central','2','Cục Thông tin Khoa học và Công nghệ Quốc gia','','Số 01/LHTV-ITGVN-BDU/2020, ngày 20/11/2020'),(734,'H9.09.02.11','Hợp đồng kinh tế cung cấp CSDL ProQuest Central','3','Cục Thông tin Khoa học và Công nghệ Quốc gia','','Số 01/LHTV-ITGVN-BDU/2021 ngày 20/11/2021'),(735,'H9.09.02.11','Hợp đồng kinh tế cung cấp CSDL ProQuest Central','4','Cục Thông tin Khoa học và Công nghệ Quốc gia','','Số 01/LHTV-ITGVN-BDU/2022, ngày 28/11/2022'),(736,'H9.09.02.11','Hợp đồng kinh tế cung cấp CSDL ProQuest Central','5','Cục Thông tin Khoa học và Công nghệ Quốc gia','','Số 01/LHTV-ITGVN-BDU/2023, ngày 01/12/2023'),(737,'H9.09.02.12','Thống kê mức độ sử dụng Thư viện từ năm học 2019-2020 đến năm học 2023-2024','','TT. LT&TV','','05/9/2024'),(738,'H9.09.02.13','Kế hoạch phối hợp tổ chức cuộc thi tuyên truyền giới thiệu sách với chủ đề \"Tôn sư trọng đạo\"','1','TT. LT&TV','','Số 439/KHPH-PHĐHBDCM-TV, ngày 08/10/2019'),(739,'H9.09.02.13','Kế hoạch tổ chức cuộc thi tuyên truyền giới thiệu sách online với chủ đề \"Mùa giãn cách - Sách cùng bạn\"','2','TT. LT&TV','','Số 203/KH-PHĐHBDCM, ngày 28/9/2021'),(740,'H9.09.02.13','Kế hoạch về việc tổ chức tọa đàm trực tuyến nhân \"Ngày Sách Việt Nam 21/4 và Bản quyền thế giới 23/4\" năm 2022','3','Trường ĐHBD','','Số 199/KH-ĐHBD, ngày 07/4/2022'),(741,'H9.09.02.13','Kế hoạch về việc tổ chức chương trình giao lưu văn hóa đọc chào mừng \"Ngày Sách Việt Nam năm 2022\"','4','Trường ĐHBD','','Số 110/KH-PHĐHBDCM, ngày 15/4/2022'),(742,'H9.09.02.13','Kế hoạch về việc tổ chức cuộc thi thuyết trình sách năm 2022','5','TT. LT&TV','','Số 08/KH-TTLT&TV, ngày 09/5/2022'),(743,'H9.09.02.13','Kế hoạch tổ chức ngày hội đọc và thuyết trình sách Trường Đại học Bình Dương năm 2022 với chủ đề “Sách – nguồn tri thức vô hạn”','6','Trường ĐHBD','','Số 663/KH-ĐHBD, ngày 07/11/2022'),(744,'H9.09.02.13','Kế hoạch tổ chức ngày Hội sách nhân dịp ngày Sách Việt Nam 21-4 tại Trường Đại học Bình Dương','7','TT. LT&TV','','Số 01/KH-TTLT&TV, ngày 21/3/2023'),(745,'H9.09.02.13','Kế hoạch tổ chức ngày Hội sách và Văn hóa đọc BDU.CM năm 2023','8','Trường ĐHBD','','Số 114/KH-PHĐHBDCM, ngày 12/4/2023'),(746,'H9.09.02.13','Kế hoạch tổ chức ngày Hội sách và Văn hóa đọc BDU.CM năm 2024','9','Trường ĐHBD','','Số 130/KH-PHĐHBDCM, ngày 01/4/2024'),(747,'H9.09.02.13','Kế hoạch về việc tham gia “Liên hoan tuyên truyền giới thiệu sách kỷ niệm 70 năm chiến thắng Điện Biên Phủ (07/5/1954 – 07/5/2024)”','10','Trường ĐHBD','','Số 187/KH-PHĐHBDCM, ngày 02/5/2024'),(748,'H9.09.02.13','Hình ảnh các hoạt động tuyên truyền giới thiệu sách, trưng bày, triển lãm sách','11','TT. LT&TV','','2019  - 2024'),(749,'H9.09.02.14','Kế hoạch tổ chức khảo sát bạn đọc Thư viện hằng năm','1','TT. LT&TV','','2019 - 2023'),(750,'H9.09.02.14','Phiếu khảo sát ý kiến bạn đọc của Thư viện hằng năm','2','TT. LT&TV','','2019 - 2023'),(751,'H9.09.02.14','Kết quả khảo sát bạn đọc Thư viện hằng năm','3','TT. LT&TV','','2019 - 2023'),(752,'H9.09.03.01','Quyết định thành lập Khoa Tin học','1','Trường ĐHBD','','Số 053/QĐ-TCCB/2001, ngày 19/6/2001'),(753,'H9.09.03.01','Quyết định đổi tên Khoa Tin học thuộc trường ĐH Bình Dương thành Khoa CNTT, robot và trí tuệ nhân tạo','2','Trường ĐHBD','','Số 672/QĐ-ĐHBD, ngày 21/3/2019'),(754,'H9.09.03.02','Thống kê danh mục CSVC của Khoa CNTT','','BP. QTTB','','2022 – 2023'),(755,'H9.09.03.03','Bố trí phòng học- lịch học của Khoa CNTT','','Khoa','','2022 – 2023'),(756,'H9.09.03.04','Nội quy phòng học thưc hành, phòng lab, phòng máy','','Khoa','','2022 – 2023'),(757,'H9.09.03.05','Danh sách mục NCKH của Khoa CNTT do trường phân công','','Khoa','','2022 – 2023'),(758,'H9.09.03.06','Hình chụp VPK, Phòng tiếp sinh viên & các phòng học','','Khoa','','2023'),(759,'H9.09.03.07','Danh mục trang thiết bị của khoa CNTT','','Khoa','','2023'),(760,'H9.09.03.08','Danh mục & kế hoạch mua mới, sửa chữa trang thiết bị của khoa','','Khoa','','2022 - 2023'),(761,'H9.09.03.09','Lịch học và sử dụng phòng học Khoa CNTT','1','Khoa','','2022 – 2023'),(762,'H9.09.03.09','Báo cáo tổng hợp về việc sử dụng Phòng học, phòng lab, phòng máy.','2','Khoa','','2022 – 2023'),(763,'H9.09.03.10','Biên bản gặp gỡ đối thoại giữa Ban lãnh đạo Nhà trường với sinh viên','1','Trường ĐHBD','','2022 – 2023'),(764,'H9.09.03.11','Kế hoạch khảo sát NH và các bên liên quan về về phòng phòng học, phòng lab, phòng máy','1','Trường ĐHBD','','2022 – 2023'),(765,'H9.09.03.11','Bảng tổng hợp kết quả khảo sát NH và các bên liên quan vềphòng phòng học, phòng lab, phòng máy','2','Trường ĐHBD','','2022 - 2023'),(766,'H9.09.04.01','Quyết định thành lập tổ Quản trị CNTT thuộc Trường ĐHBD','1','Trường ĐHBD','','Số 416/QĐ-ĐHBD, ngày 19/9/2016'),(767,'H9.09.04.01','Quyết định thành lập Ban Biên tập Website của Trường ĐHBD','2','Trường ĐHBD','','Số 230/QĐ-ĐHBD, ngày 03/7/2017'),(768,'H9.09.04.01','Quyết định về việc thành lập Tổ Tin học','3','Phân hiệu Trường ĐHBD tại Cà Mau','','Số 48/QĐ-PHCM, ngày 28/3/2014'),(769,'H9.09.04.01','Quy định chức năng, nhiệm vụ Tổ Tin học','4','Phân hiệu Trường ĐHBD tại Cà Mau','','Số 23/QĐ-PHĐHBDCM,\nngày 06/4/2015'),(770,'H9.09.04.02','Thống kê máy tính trong toàn Trường','1','P. TH','','15/08/2024'),(771,'H9.09.04.02','Báo cáo thống kê phần cứng, phần mềm tại Phân hiệu Trường ĐHBD tại Cà Mau','2','Phân hiệu Trường ĐHBD tại Cà Mau','','30/09/2024'),(772,'H9.09.04.02','Danh mục trang thiết bị được trang bị tại Khoa','3','Khoa','','15/8/2024'),(773,'H9.09.04.02','Hình ảnh website Trường ĐHBD tại địa chỉ http://www.bdu.edu.vn','4','Trường ĐHBD','','2024'),(774,'H9.09.04.02','Hình ảnh website Phân hiệu Trường ĐHBD tại Cà Mau tại địa chỉ http://camau.bdu.edu.vn','5','Trường ĐHBD','','2024'),(775,'H9.09.04.02','Hình ảnh giao diện website Khoa Kinh tế tại địa chỉ http:// congngheoto.bdu.edu.vn','6','Khoa','','2024'),(776,'H9.09.04.02','Thống kê và danh mục các phần mềm có bản quyền','7','Tổ Quản trị CNTT','','15/8/2024'),(777,'H9.09.04.02','Hợp đồng cung ứng phần mềm','8','Công ty TNHH Công nghệ Anh Quân','','Số 073/HD/2014, ngày 15/11/2014'),(778,'H9.09.04.02','Hợp đồng nâng cấp, bảo trì phần mềm Edusoft & Edusoft-Web','9','Công ty TNHH Công nghệ Anh Quân','','Số 036/HD/2017, ngày 03/01/2017'),(779,'H9.09.04.02','Hợp đồng kinh tế về việc cung cấp phần mềm quản trị thư viện PSC zLIS 7.0','10','Công ty TNHH Phần mềm và Tư vấn Kim Tự Tháp','','Số 1020718/PSC-BDU/HĐKT, ngày 26/7/2018'),(780,'H9.09.04.02','Thỏa thuận nguyên tắc giữa VNPT Bình Dương và Trường ĐHBD','11','VNPT Bình Dương','','Số 1439/2009-TTNT, ngày 26/3/2009'),(781,'H9.09.04.02','Hợp đồng cung cấp và sử dụng dịch vụ Mega V-Meeting','12','Trung tâm Công nghệ thông tin – VNPT Cà Mau','','Số 15/2015/HĐ-Mega V-Meeting, ngày 09/9/2015'),(782,'H9.09.04.02','Quyết định ban hành Quy chế sử dụng hệ thống thư điện tử trong hoạt động của Trường ĐHBD','13','Trường ĐHBD','','Số 187/QĐ-ĐHBD, ngày 20/4/2016'),(783,'H9.09.04.02','Quyết định ban hành Quy chế quản lý, vận hành, khai thác sử dụng mạng thông tin điện tử của Trường ĐHBD','14','Trường ĐHBD','','Số 417/QĐ-ĐHBD, ngày 19/9/2016'),(784,'H9.09.04.02','Quyết định sử dụng phần mền Quản lý văn bản và hồ sơ công việc của Trường ĐHBD','15','Trường ĐHBD','','Số 52/QĐ-ĐHBD, ngày 06/3/2018'),(785,'H9.09.04.02','Hợp đồng kinh tế về việc cung cấp phần mềm Hệ thống quản lý đào tạo','16','Công ty TNHH Công nghệ Anh Quân','','Số 23/HD/2021, ngày 15/6/2021'),(786,'H9.09.04.02','Hợp đồng cung cấp dịch vụ thuê máy chủ','17','Công ty TNHH Viettel-CHT','','Số 5097/14/Viettel-CHT, ngày 26/12/2014'),(787,'H9.09.04.02','Danh sách địa chỉ email công vụ của cán bộ, nhân viên, giảng viên Nhà Trường','18','Trường ĐHBD','','2024'),(788,'H9.09.04.03','Thông báo về việc triển khai học tập trực tuyến trong thời gian SV nghỉ phòng tránh dịch bệnh Covid-19','1','Trường ĐHBD','','Số 143/TB-ĐHBD, ngày 27/3/2020'),(789,'H9.09.04.03','Thông báo về việc tổ chức học tập trực tuyến và trực tiếp học kỳ 2 năm học 2020-2021','2','Trường ĐHBD','','Số 54/TB-ĐHBD, ngày 22/02/2021'),(790,'H9.09.04.03','Thông báo về việc tổ chức học tập trực tuyến và trực tiếp học kỳ 2 năm học 2020-2021','3','Trường ĐHBD','','Số 233/TB-ĐHBD, ngày 07/05/2021'),(791,'H9.09.04.03','Thông báo về việc tổ chức học trực tuyến học kỳ 1 năm học 2021-2022 đối với SV hệ đại học chính quy','4','Trường ĐHBD','','Số 372/TB-ĐHBD, ngày 24/8/2021'),(792,'H9.09.04.04','Báo cáo tổng hợp tần suất sử dụng phòng máy tính giai đoạn 2019 – 2024','1','Tổ Quản trị CNTT','','2024'),(793,'H9.09.04.04','Báo cáo tổng hợp tần suất sử dụng phòng máy tính giai đoạn 2021 - 2024','2','Phân hiệu Trường ĐHBD tại Cà Mau','','2024'),(794,'H9.09.04.04','Nhật ký sử dụng phòng máy','3','Trường ĐHBD','','2019 - 2024'),(795,'H9.09.04.05','Kế hoạch mua mới, nâng cấp CSVC, trang thiết bị','1','Trường ĐHBD','','2019 - 2024'),(796,'H9.09.04.05','Thống kê các khoản đầu tư cho hệ thống công nghệ thông tin từ 2019 - 2024','2','P. TH','','2019 - 2024'),(797,'H9.09.04.06','Báo cáo kết quả khảo sát ý kiến cán bộ, nhân viên, GV hằng năm','1','Trường ĐHBD','','2019 – 2024'),(798,'H9.09.04.06','Báo cáo kết quả khảo sát SV trước khi tốt nghiệp hằng năm','2','Trường ĐHBD','','2019 - 2024'),(799,'H9.09.05.01','Nghị định Chính phủ quy định về môi trường giáo dục an toàn, lành mạnh, thân thiện, phòng, chống bạo lực học đường.','1','Chính phủ','','Số 80/2017/NĐ-CP, ngày 17/7/2017'),(800,'H9.09.05.01','Thông tư  của BỘ GD&ĐT về công tác sinh viên.','2','Bộ GD&ĐT','','Số 10/2016/ TT-BGDĐT, ngày 05/4/2016'),(801,'H9.09.05.01','Công văn về việc hướng dẫn thực hiện nhiệm vụ GDTC, HĐTT và ý tế trường học năm 2023 – 2024.','3','Bộ GD&ĐT','','Số 4557/BGDĐT- GDTC, ngày 24/8/2023'),(802,'H9.09.05.02','Hợp đồng dịch vụ bảo vệ năm 2023 giữa Trường ĐHBD và Công ty TNHH Dịch vụ bảo vệ Á Châu;','1','Trường ĐHBD','','Số 39-2023/HĐ-AC, ngày 01/7/2023'),(803,'H9.09.05.02','Phụ lục hợp đồng bảo vệ năm 2024','2','Trường ĐHBD','','Số 08/2024/PLHĐ, ngày 01/07/2024'),(804,'H9.09.05.02','Hợp đồng dịch vụ vệ sinh năm 2022 giữa Trường ĐHBD và Công ty TNHH Thái Bình Thịnh Vượng','3','Trường ĐHBD','','Số 49/2022/HĐDV-GPC,\nngày 01/11/2022'),(805,'H9.09.05.02','Hợp đồng dịch vụ giữ xe năm 2022-2024 giữa Trường ĐHBD và Ông Hà Thế Viễn về dịch vụ Gửi - Giữ xe đạp, xe đạp máy, xe máy điện, xe máy, xe ô tô','4','Trường ĐHBD','','Số 09/HĐTMB-ĐHBD, ngày 22/12/2021'),(806,'H9.09.05.02','Hợp đồng hỗ trợ y tế','5','Trường ĐHBD','','Số 32-2024/HĐHTYT-PAK, ngày 01/5/2024'),(807,'H9.09.05.02','Thông báo lịch khám sức khỏe sinh viên đầu khóa 2021-2022','6','Trạm Y tế','','2022'),(808,'H9.09.05.02','Thông báo lịch khám sức khỏe sinh viên đầu khóa 2022-2023','7','Trạm Y tế','','Số 688/TB-ĐHBD, ngày 15/11/2022'),(809,'H9.09.05.02','Thông báo lịch khám sức khỏe sinh viên đầu khóa 2023-2024','8','Trạm Y tế','','Số 923/TB-ĐHBD, ngày 25/9/2023'),(810,'H9.09.05.02','Quyết định thành lập Trạm Y tế Trường Đại học dân lập Bình Dương7','9','Trường ĐHBD','','Số 081/ĐHBD-QĐ/2001, ngày 26/7/2001'),(811,'H9.09.05.02','Quyết định về việc quy định chức năng, nhiệm vụ, quyền hạn của Trạm Y tế thuộc Trường ĐHBD','10','Trường ĐHBD','','Số 97/QĐ-ĐHBD, ngày 28/4/2011'),(812,'H9.09.05.02','Quyết định về việc bổ nhiệm chức vụ Trưởng Trạm Y tế thuộc Trường ĐHBD','11','Trường ĐHBD','','Số 200/QĐ-ĐHBD, ngày 25/7/2011'),(813,'H9.09.05.02','Quyết định giao nhiệm vụ phụ trách TYT - P. TH trường ĐHBD','12','Trường ĐHBD','','Số 949/QĐ-ĐHBD, ngày 06/6/2023'),(814,'H9.09.05.02','Thông báo về liên quan các thủ tục bảo hiểm y tế của sinh viên và cán bộ phụ trách trạm y tế','13','Trường ĐHBD','','Số 479/TB-ĐHBD, ngày 14/6/2023'),(815,'H9.09.05.02','Quyết định hợp nhất Ban bảo vệ chăm sóc sức khỏe đối với cán bộ nhân viên, GVCH Trường ĐHBD','14','Trường ĐHBD','','Số 1808/QĐ-ĐHBD, ngày 10/11/2023'),(816,'H9.09.05.02','Quyết định quy định hoạt động công tác y tế trong trường ĐHBD','15','Trường ĐHBD','','Số 1946/QĐ-ĐHBD, ngày 22/11/2023'),(817,'H9.09.05.02','Quyết định về việc đổi tên TYT thành Ban tham vấn tâm lý và y tế học đường Trường ĐHBD','16','Trường ĐHBD','','Số 1595/QĐ-ĐHBD, ngày 06/8/2024'),(818,'H9.09.05.02','Bảng thống kê theo số lượng SV tham gia bảo hiểm y tế tại trường ĐHBD.','17','Trạm Y tế','','2022 – 2024'),(819,'H9.09.05.03','Kế hoạch tổ chức đợt sinh hoạt chính trị dành cho học sinh, sinh viên đầu năm học 2022 – 2023.','1','Trường ĐHBD','','2022 – 2023'),(820,'H9.09.05.03','Kế hoạch tuyên truyền, phổ biến giáo dục pháp luật và sức khỏe học đường trong sinh viên  năm học 2022 – 2023.','2','Trường ĐHBD','','2022 – 2023'),(821,'H9.09.05.03','Kế hoạch tuyên truyền, phổ biến giáo dục pháp luật và sức khỏe học đường trong sinh viên lần 1 năm học 2023 – 2024','3','Trường ĐHBD','','Số 975/KH-ĐHBD, ngày 12/10/2023'),(822,'H9.09.05.03','Kế hoạch tuyên truyền, phổ biến giáo dục pháp luật và sức khỏe học đường trong sinh viên lần 2 năm học 2023 – 2024','4','Trường ĐHBD','','Số 323/KH-ĐHBD, ngày 22/4/2024'),(823,'H9.09.05.03','Kế hoạch tổ chức đợt sinh hoạt chính trị dành cho học sinh, sinh viên đầu năm học 2023-2024.','5','Trường ĐHBD','','Số 811/KH-ĐHBD, ngày 23/8/2023'),(824,'H9.09.05.03','Quyết định công nhân hoàn thành chương trình tuần sinh hoạt công dân sinh viên năm 2023 – 2024','6','Trường ĐHBD','','Số 2049/QĐ-ĐHBD, ngày 06/12/2023'),(825,'H9.09.05.03','Quyết định về việc thành lập Đội Phòng cháy chữa cháy cơ sở Trường ĐHBD năm 2023','7','Trường ĐHBD','','Số 803\n/QĐ-ĐHBD, ngày 16/5/2023'),(826,'H9.09.05.03','Kế hoạch phòng cháy chữa cháy và cứu nạn cứu hộ năm 2023 Trường ĐHBD','','Trường ĐHBD','','Số 290/KH-ĐHBD, ngày 25/4/2023'),(827,'H9.09.05.03','Kế hoạch phòng cháy chữa cháy và cứu nạn cứu hộ năm 2024 Trường ĐHBD','8','Trường ĐHBD','','Số 36/KH-ĐHBD, ngày 15/1/2024'),(828,'H9.09.05.03','Hồ sơ quản lý công tác PCCC của Trường ĐHBD','9','Trường ĐHBD','','2022 – 2024'),(829,'H9.09.05.03','Quyết định kiện toàn Đội PCCC cơ sở Bình Dương năm 2024','10','Trường ĐHBD','','Số 1137/QĐ-ĐHBD, ngày 21/6/2024'),(830,'H9.09.05.03','Thông Báo về việc triệu tập cán bộ, nhân viên, giảng viên cơ hữu tham gia lớp tập huấn công tác nghiệp vụ phòng cháy chữa cháy','11','Trường ĐHBD','','2022 - 2024'),(831,'H9.09.05.03','Hồ sơ quản lý công tác PCCC của Phân hiệu Trường ĐHBD tại Cà Mau','12','Phân hiệu Trường ĐHBD tại Cà Mau','','2022 - 2024'),(832,'H9.09.05.03','Phương án PCCC của Trường ĐHBD','13','Trường ĐHBD','','2012 - 2024'),(833,'H9.09.05.03','Hình ảnh tập huấn nghiệp vụ PCCC','14','Trường ĐHBD','','2023 - 2024'),(834,'H9.09.05.04','Hình ảnh về cây xanh, nhà giữ xe, thang máy và lối đi dành cho người khuyết tật','1','Trường ĐHBD','','2024'),(835,'H9.09.05.04','Quyết định về việc chỉ định thầu đơn vị xây dựng và giám sát thi công công trình thang máy khu A -  Trường ĐHBD','2','Trường ĐHBD','','Số 150/QĐ – ĐHBD, ngày 16/4/2018'),(836,'H9.09.05.05','Các báo cáo tổng kết/sơ kết đánh giá việc thực hiện tiêu chuẩn về môi trường, sức khỏe, an toàn của Nhà trường','1','Trường ĐHBD','','2022 – 2024'),(837,'H9.09.05.05','Báo cáo công tác y tế năm học 2022-2023','2','Trạm Y tế','','Số 01/BC-TYT, ngày 30/8/2023'),(838,'H9.09.05.05','Báo cáo công tác y tế năm học 2023-2024','3','Trạm Y tế','','Số 01/BC-TYT, ngày 29/8/2024'),(839,'H9.09.05.05','Bảng thống kê CSVC, tài sản, dụng cụ công cụ phục vụ Trạm Y tế','4','Trạm Y tế','','10/8/2022'),(840,'H9.09.05.05','Bảng thống kê CSVC, tài sản, dụng cụ công cụ phục vụ Trạm Y tế','5','Trạm Y tế','','15/8/2023'),(841,'H9.09.05.05','Bảng thống kê CSVC, tài sản, dụng cụ công cụ phục vụ Trạm Y tế','6','Trạm Y tế','','16/8/2024'),(842,'H9.09.05.05','Hình ảnh sản phẩm dung dịch rửa tay sát trùng','7','Trường ĐHBD','','2022-2024'),(843,'H9.09.05.06','Dữ liệu phản hồi của NH và các BLQ về môi trường, sức khỏe, an toàn','1','Trường ĐHBD','','2022 - 2024'),(844,'H10.10.01.01','Quyết định về việc ban hành Quy định về quy trình xây dựng, thẩm định, ban hành chương trình đào tạo trình độ đại học và quy định về khối lượng kiến thức tối thiểu, yêu cầu về năng lực mà người học đạt được sau khi tốt nghiệp đối với trình độ đào tạo đại học','1','Trường ĐHBD','','Số 246 QĐ-ĐHBD, ngày 09/05/2018'),(845,'H10.10.01.01','Quyết định về việc ban hành Quy định về chuẩn chương trình đào tạo; xây dựng, thẩm định và ban hành chương trình đào tạo các trình độ của giáo dục đại học','2','Trường ĐHBD','','Số 560/QĐ-ĐHBD, ngày 21/06/2022'),(846,'H10.10.01.02','Quyết định thành lập Tổ cập nhật, đánh giá, soạn thảo CTĐT trình độ đại học năm 2020, 2022, 2024','','Trường ĐHBD\n/Khoa','','2020, 2022, 2024'),(847,'H10.10.01.03','Kế hoạch khảo sát ý kiến của các bên liên quan về CĐR và CTĐT ngành Công nghệ thông tin','1','Khoa','','2020, 2022, 2024'),(848,'H10.10.01.03','Phiếu khảo sát ý kiến của các bên liên quan về CĐR và CTĐT ngành Công nghệ thông tin','2','Khoa','','2020, 2022, 2024'),(849,'H10.10.01.03','Bảng tổng hợp kết quả khảo sát ý kiến của các bên liên quan về CĐR và CTĐT ngành Công nghệ thông tin','3','Khoa','','2020, 2022, 2024'),(850,'H10.10.01.04','Mẫu Phiếu khảo sát\nDữ liệu tổng hợp kết quả khảo sát từ doanh nghiệp\nDanh sách Khảo sát','1','Khoa','','2020, 2022, 2024'),(851,'H10.10.01.04','Các biên bản họp Bộ môn/ Khoa liên quan đến việc điều chỉnh CTĐT/CTDH các năm','2','Khoa','','2020, 2022, 2024'),(852,'H10.10.01.04','Biên bản họp Khoa phân công rà soát, điều chỉnh CTĐT/CTDH ngành Công nghệ thông tin','3','Khoa','','2020, 2022, 2024'),(853,'H10.10.01.04','Biên bản họp HĐKH thông qua CTĐT và ĐCCT học phần các năm','4','Khoa','','2020, 2022, 2024'),(854,'H10.10.01.05','Báo cáo/ tổng hợp các nội dung cần sửa đổi, cập nhật CTĐT/CTDH các năm','','Khoa','','2020, 2022, 2024'),(855,'H10.10.02.01','Quyết định về việc ban hành Quy định về quy trình xây dựng, thẩm định, ban hành chương trình đào tạo trình độ đại học và quy định về khối lượng kiến thức tối thiểu, yêu cầu về năng lực mà người học đạt được sau khi tốt nghiệp đối với trình độ đào tạo đại học','','Trường ĐHBD','','Số 246/QĐ-ĐHBD, ngày 09/05/2018'),(856,'H10.10.02.02','Điều 6, Quy trình và các thức tổ chức xây dựng chương trình đào tạo (Trích Quyết định 246)','','Trường ĐHBD','','Số 246/QĐ-ĐHBD, ngày 09/05/2018'),(857,'H10.10.02.03','Điều 8, Quy trình cập nhật và tổ chức đánh giá chương trình đào tạo (Trích Quyết định 246)','','Trường ĐHBD','','Số 246/QĐ-ĐHBD, ngày 09/05/2018'),(858,'H10.10.02.04','Phụ lục Quy trình thiết kế và phát triển CTDH (Trích Quy định về chuẩn chương trình đào tạo; xây dựng, thẩm định và ban hành chương trình đào tạo các trình độ của giáo dục đại học)','','Trường ĐHBD','','Số 560/QĐ-ĐHBD, ngày 21/06/2022'),(859,'H10.10.02.05','Kế hoạch về việc lấy ý kiến các bên liên quan rà soát Quy trình thiết kế và phát triển CTDH','1','','',''),(860,'H10.10.02.05','Biên bản họp lấy ý kiến các bên liên quan về Quy trình thiết kế và phát triển CTDH','2','','','2022, 2023'),(861,'H10.10.02.05','Báo cáo rà soát, cập nhật','3','','','2023'),(862,'H10.10.02.05','Đối sánh các phiên bản','4','','','2023'),(863,'H10.10.02.06','Phụ lục Quy trình thiết kế và phát triển CTDH (Trích Quy định về chuẩn chương trình đào tạo; xây dựng, thẩm định và ban hành chương trình đào tạo các trình độ của giáo dục đại học)','','Trường ĐHBD','','Số 32/QĐ-ĐHBD, ngày 06/01/2023'),(864,'H10.10.03.01','Quyết định ban hành Quy định dự giờ giảng viên','','Trường ĐHBD','','Số 196/QĐ-ĐHBD, ngày 02/05/2018\nSố 1789/QĐ-ĐHBD, ngày 27/08/2024'),(865,'H10.10.03.02','Quyết định về việc ban hành Quy định công tác tổ chức thi và chấm thi kết thúc học phần','1','Trường ĐHBD','','Số 300/QĐ-ĐHBD, ngày 01/06/2018\nSố 704/QĐ-ĐHBD, ngày 01/08/2022\nSố 2079/QĐ-ĐHBD, ngày 01/10/2024'),(866,'H10.10.03.02','Quy chế đào tạo trình độ Đại học','2','Trường ĐHBD','','Số 200/QĐ-ĐHBD, ngày 14/05/2014\nSố 484/QĐ-ĐHBD, ngày 30/06/2021\nSố 614/QĐ-ĐHBD, ngày 14/07/2022'),(867,'H10.10.03.03','ĐCCT các học phần','','Khoa','','2020, 2022, 2024'),(868,'H10.10.03.04','Sổ theo dõi học tập','','Khoa','','2019 - 2024'),(869,'H10.10.03.05','Bảng theo dõi tiến độ giảng dạy','','P.QLĐT&CTSV','','2019 - 2024'),(870,'H10.10.03.06','Danh sách SV cảnh báo học vụ năm 2019','1','Trường ĐHBD','','Số 455/QĐ-ĐHBD, ngày 26/02/2019'),(871,'H10.10.03.06','Danh sách SV cảnh báo học vụ năm 2020','2','Trường ĐHBD','','Số 1213/QĐ-ĐHBD, ngày 14/12/2020'),(872,'H10.10.03.06','Danh sách SV cảnh báo học vụ năm 2022','3','Trường ĐHBD','','Số 921/QĐ-ĐHBD, ngày 08/9/2022'),(873,'H10.10.03.06','Danh sách SV cảnh báo học vụ năm 2023','4','Trường ĐHBD','','Số 467/QĐ-ĐHBD, ngày 21/3/2023'),(874,'H10.10.03.06','Danh sách SV cảnh báo học vụ năm 2024','5','Trường ĐHBD','','Số 363/QĐ-ĐHBD, ngày 06/3/2024'),(875,'H10.10.03.07','Quyết định về việc ban hành Quy chế đánh giá kết quả rèn luyện sinh viên hệ đại học chính quy Trường Đại học Bình Dương.','','Trường ĐHBD','','Số 551/QĐ-ĐHBD,\nngày 30/7/2018'),(876,'H10.10.03.08','Quy định về công tác chủ nhiệm lớp, CVHT của Trường','1','Trường ĐHBD','','Số 1301 QĐ/ĐHBD, ngày 30/12/2020\nSố 254 QĐ/ĐHBD, ngày 11/03/2022'),(877,'H10.10.03.08','Biên bản sinh hoạt lớp','2','Khoa','','2019 – 2024'),(878,'H10.10.03.09','Báo cáo khảo sát đánh giá hoạt động giảng dạy','1','Khoa','','2019 – 2024'),(879,'H10.10.03.09','Biên bản họp chuyên môn của Khoa (về việc ý kiến phản hồi của NH đối với GV)','2','Khoa','','2019 - 2024'),(880,'H10.10.03.10','Kế hoạch dự giờ','1','Khoa','','2019 - 2024'),(881,'H10.10.03.10','Phiếu đánh giá giờ giảng','2','Khoa','','2019 - 2024'),(882,'H10.10.03.10','Biên bản đánh giá giờ giảng','3','Khoa','','2019 – 2024'),(883,'H10.10.03.10','Báo cáo tổng hợp kết quả dự giờ','4','Khoa','','2019 – 2024'),(884,'H10.10.04.01','Quy chế hoạt động Khoa học và công nghệ','1','Trường ĐHBD','','Số 281 QĐ/ĐHBD, ngày 02/07/2013\nSố 812 QĐ/ĐHBD, ngày 19/08/2022'),(885,'H10.10.04.01','Quy định về tiêu chuẩn công bố quốc tế và khen thưởng công bố quốc tế của Trường ĐHBD','2','Trường ĐHBD','','Số 916/QĐ-ĐHBD, ngày 07/09/2022'),(886,'H10.10.04.02','Hồ sơ các đề tài NCKH của GV và SV','1','P. QLKH\n&QHĐN','','2019 - 2024'),(887,'H10.10.04.02','Bảng thống kê đề tài NCKH','2','P. QLKH\n&QHĐN','','2019 - 2024'),(888,'H10.10.04.02','Danh sách các bài báo, giáo trình công bố','3','P. QLKH\n&QHĐN','','2019 - 2024'),(889,'H10.10.04.02','Quyết định về việc Ban hành Quy định khen thưởng hoạt động KH&CN','4','Trường ĐHBD','','Số 2384/QĐ-ĐHBD, ngày 06/09/2019'),(890,'H10.10.04.02','Kỷ yếu Hội nghị SVNCKH','5','Khoa','','2021'),(891,'H10.10.04.02','Danh sách đề tài nghiên cứu khoa học của sinh viên','6','Khoa','','2019 – 2020'),(892,'H10.10.04.02','Hình ảnh về Hội nghị SVNCKH','7','Khoa','','2021'),(893,'H10.10.04.02','Một số giấy khen về hoạt động SVNCKH','8','Khoa','','2019 - 2024'),(894,'H10.10.04.03','Các công trình nghiên cứu khoa học xây dựng và tích hợp nội dung vào môn học, ứng dụng trong giảng dạy và học tập (đề cương và bài giảng)','1','Khoa','','2019 - 2024'),(895,'H10.10.04.03','Tài liệu giảng dạy các môn học','2','Khoa','','2019 - 2024'),(896,'H10.10.04.04','Biên bản/tài liệu sinh hoạt chuyên môn của Khoa','','Khoa','','2019 – 2024'),(897,'H10.10.04.05','Biên bản họp Bộ môn','','Khoa','','2019 – 2024'),(898,'H10.10.04.06','Kế hoạch hội thảo và hình ảnh\n- Đổi mới phương pháp giảng dạy theo hình thức 5 người thầy\n- Nghiên cứu kinh doanh và kinh tế\n- Chuỗi Hội thảo Quốc tế với chủ đề “Khoa học, Công nghệ và Giáo dục - Động lực phát triển nhanh và bền vững”','1','Khoa','','2018 – 2020, 2022'),(899,'H10.10.04.06','Kế hoạch tổ chức Hội nghị khoa học của sinh viên','2','Khoa','','Số 566/KH-KKT, ngày 18/12/2019\nSố 219/KH-KKT, ngày 28/06/2021'),(900,'H10.10.04.07','- Kỷ yếu hội thảo: đổi mới phương pháp giảng dạy áp dụng 5 hình thức người thầy; nghiên cứu kinh doanh và kinh tế\n- Kỷ yếu Chuỗi Hội thảo Quốc tế với chủ đề “Khoa học, Công nghệ và Giáo dục - Động lực phát triển nhanh và bền vững”','1','Khoa','','2018 – 2020'),(901,'H10.10.04.07','Kỷ yếu hội nghị khoa học của sinh viên','2','Khoa','','2019'),(902,'H10.10.04.08','Danh sách đề tài/ khóa luận của SV','','Khoa','','2024'),(903,'H10.10.04.09','Danh sách các DN ký hợp tác và biên bản ghi nhớ với Khoa','','Khoa','','2019 – 2024'),(904,'H10.10.04.10','Kế hoạch dự án tập sự viên bán hàng','','Khoa','','2020 - 2024'),(905,'H10.10.05.01','Quy trình SV đánh giá chất lượng các dịch vụ hỗ trợ và tiện ích. (Trích “Quyết định về việc ban hành Quy định về công tác lấy ý kiến các bên liên quan của Trường)','1','Trường ĐHBD','','Số 141/QĐ-ĐHBD, ngày 06/03/2020\nSố 1676/QĐ-ĐHBD, ngày 28/12/2022'),(906,'H10.10.05.01','Kế hoạch về việc triển khai thu thập thông tin phản hồi từ các bên liên quan','2','Trường ĐHBD','','2019 – 2024'),(907,'H10.10.05.01','Mẫu phiếu khảo sát sự hài lòng của SV về chất lượng cơ sở vật chất và dịch vụ hỗ trợ','3','P. QLĐT\n&CTSV','','2019 – 2024'),(908,'H10.10.05.02','Báo cáo tổng hợp kết quả khảo sát sự hài lòng của SV về chất lượng dịch vụ của Trường','','P. QLĐT\n&CTSV','','2019 – 2024'),(909,'H10.10.05.03','Thống kê mức độ sự dụng Thư viện từ năm 2019 - 2024','','TT. LT&TV','','2019 - 2024'),(910,'H10.10.05.04','Báo cáo tổng kết các đơn vị TT. LT&TV, P. TH','','TT. LT&TV  \nP. TH','','2019 - 2024'),(911,'H10.10.05.05','Báo cáo tổng kết năm học của Trường','','Trường ĐHBD','','2019 - 2024'),(912,'H10.10.05.06','Thông báo bổ sung tài liệu hằng năm','1','TT. LT&TV','','2019 - 2024'),(913,'H10.10.05.06','Danh mục tài liệu các khoa đề nghị bổ sung hằng năm','2','TT. LT&TV','','2019 - 2024'),(914,'H10.10.05.07','Hợp đồng, thỏa thuận hợp tác của Thư viện','','TT. LT&TV','','2019 - 2024'),(915,'H10.10.05.08','Các kế hoạch mua sắm QTTB đề xuất sửa chữa Thư viện; thí nghiệm thực hành; công nghệ thông tin','','TT. LT&TV\nP. TH','','2019 - 2024'),(916,'H10.10.06.01','Quyết định phòng Bảo đảm chất lượng và Khảo thí (trong đó có quy định chức năng, nhiệm vụ)','','Trường ĐHBD','','Số 465/QĐ-ĐHBD, ngày 24/05/2022'),(917,'H10.10.06.02','Kế hoạch khảo sát các bên liên quan các năm 2020 - 2024','','Trường ĐHBD','','2020 - 2024'),(918,'H10.10.06.03','Quyết định ban hành Quy định về công tác lấy ý kiến các BLQ của Trường','','Trường ĐHBD','','Số 141/QĐ-ĐHBD, ngày 06/03/2020\nSố 1676/QĐ-ĐHBD, ngày 28/12/2022'),(919,'H10.10.06.04','Phần mềm Edusoft phân hệ khảo sát trực tuyến','','P. QLĐT\n&CTSV','','2024'),(920,'H10.10.06.05','Báo cáo khảo sát đánh giá hoạt động giảng dạy','','Khoa','','2020 – 2024'),(921,'H10.10.06.06','Báo cáo khảo sát sinh viên năm cuối','','P. QLĐT\n&CTSV','','2020 - 2024'),(922,'H10.10.06.07','Báo cáo khảo sát các BLQ về CTĐT','','Khoa','','2019, 2023'),(923,'H10.10.06.08','Biên bản họp rà soát quy định công tác lấy ý kiến các BLQ của Trường','','P. BĐCL\n&KT','','Số 08/BB-P.BĐCL&KT ngày 30/06/2022'),(924,'H11.11.01.01','Quyết định về việc đổi tên Phòng Đào tạo thuộc Trường Đại học Bình Dương (tên mới: Phòng Quản lý đào tạo và Công tác sinh viên)','1','Trường ĐHBD','','Số 700/QĐ-ĐHBD, ngày 10/08/2020'),(925,'H11.11.01.01','Hợp đồng bảo trì Edusoft','2','Trường ĐHBD','','2019 - 2023'),(926,'H11.11.01.02','Biên bản xét công nhận tốt nghiệp trình độ ĐH - hệ CQ','1','Trường ĐHBD','','2019 - 2023'),(927,'H11.11.01.02','Quyết định về việc công nhận và cấp bằng tốt nghiệp Đại học, hình thức đào tạo chính quy','2','Trường ĐHBD','','2019 - 2023'),(928,'H11.11.01.02','Báo cáo tổng kết, đánh giá tỉ lệ tốt nghiệp, thôi học qua các năm học của SV','3','P. QLĐT&CTSV','','2019 - 2023'),(929,'H11.11.01.02','Danh sách SV thôi học qua các năm và nguyên nhân thôi học','4','Trường ĐHBD','','2019 - 2023'),(930,'H11.11.01.03','Quyết định về việc phân công giáo viên chủ nhiệm và cố vấn học tập','1','Trường ĐHBD','','2019 - 2023'),(931,'H11.11.01.03','Quyết định về việc quy định chức năng, nhiệm vụ và quyền hạn của Giáo viên chủ nhiệm, cố vấn học tập;\nQuyết định về việc quy định chức năng, nhiệm vụ và quyền hạn trong công tác chăm sóc, hỗ trợ người học đối với Giáo viên chủ nhiệm, Cố vấn học tập, Tổ chăm sóc sinh viên và Tổ giáo vụ','2','Trường ĐHBD','','Số 1301/QĐ-ĐHBD, ngày 30/12/2020\nSố 254/QĐ-ĐHBD ngày 11/03/2022'),(932,'H11.11.01.04','Báo cáo tỉ lệ tốt nghiệp, thôi học của NH tham gia CTĐT và các biện pháp cải tiến chất lượng phù hợp','1','Khoa','','2019 - 2023'),(933,'H11.11.01.04','Bảng đối sánh về tỉ lệ SV tốt nghiệp và thôi học của các ngành trong Trường','2','P. QLĐT\n&CTSV','','2019 - 2023'),(934,'H11.11.02.01','Quyết định về việc đổi tên Phòng Đào tạo thuộc Trường Đại học Bình Dương (tên mới: Phòng Quản lý đào tạo và Công tác sinh viên)','','Trường ĐHBD','','Số 700/QĐ-ĐHBD, ngày 10/08/2020'),(935,'H11.11.02.02','Quyết định đổi tên khoa Tin học thành Khoa Công nghệ thông tin, Robot và Trí tuệ nhân tạo','','Trường ĐHBD','','Số 672/QĐ-ĐHBD, ngày 21/03/2019'),(936,'H11.11.02.03','Quy chế đào tạo đại học và cao đẳng theo hệ thống tín chỉ 2014, 2022','','Trường ĐHBD','','Số 200/QĐ-ĐHBD, ngày 14/05/2014\nSố 484/QĐ-ĐHBD, ngày 30/06/2021\nSố 614/QĐ-ĐHBD, ngày 14/07/2022'),(937,'H11.11.02.04','Biên bản xét công nhận tốt nghiệp trình độ ĐH - hệ CQ','1','Trường ĐHBD','','2019 - 2023'),(938,'H11.11.02.04','Quyết định về việc công nhận và cấp bằng tốt nghiệp Đại học, hình thức đào tạo chính quy','2','Trường ĐHBD','','2019 - 2023'),(939,'H11.11.02.04','Báo cáo tỉ lệ tốt nghiệp, thôi học qua các năm học của SV','3','P. QLĐT\n&CTSV','','2019 - 2023'),(940,'H11.11.02.04','Danh sách SV thôi học qua các năm và nguyên nhân thôi học','4','Trường ĐHBD','','2019 - 2023'),(941,'H11.11.02.05','Quyết định về việc phân công giáo viên chủ nhiệm và cố vấn học tập','1','Trường ĐHBD','','2019 - 2023'),(942,'H11.11.02.05','Quyết định về việc quy định chức năng, nhiệm vụ và quyền hạn của Giáo viên chủ nhiệm, cố vấn học tập;\nQuyết định về việc quy định chức năng, nhiệm vụ và quyền hạn trong công tác chăm sóc, hỗ trợ người học đối với Giáo viên chủ nhiệm, Cố vấn học tập, Tổ chăm sóc sinh viên và Tổ giáo vụ','2','Trường ĐHBD','','Số 1301/QĐ-ĐHBD, ngày 30/12/2020\nSố 254/QĐ-ĐHBD, ngày 11/03/2022'),(943,'H11.11.02.06','Lịch sinh hoạt lớp','1','Khoa','','2019 - 2023'),(944,'H11.11.02.06','Biên bản sinh hoạt lớp','2','Khoa','','2019 - 2023'),(945,'H11.11.02.07','Bảng đối sánh thời gian TN trung bình của các ngành đào tạo trong Trường','','Khoa','','2019 - 2023'),(946,'H11.11.02.08','Báo cáo đánh giá, dự đoán xu thế về thời gian tốt nghiệp trung bình của NH và các biện pháp cải tiến chất lượng phù hợp','','Khoa','','2019 - 2023'),(947,'H11.11.03.01','Quyết định về việc đổi tên Phòng Đào tạo thuộc Trường Đại học Bình Dương (tên mới: Phòng Quản lý đào tạo và Công tác sinh viên)','','Trường ĐHBD','','Số 700/QĐ-ĐHBD, ngày 10/08/2020'),(948,'H11.11.03.02','Kế hoạch khảo sát tình hình việc làm của sinh viên sau tốt nghiệp','','P. QLĐT\n&CTSV','','2020 - 2023'),(949,'H11.11.03.03','Báo cáo khảo sát việc làm sinh viên chính quy','','P. QLĐT\n&CTSV','','2020 - 2023'),(950,'H11.11.03.04','Bảng đối sánh tỷ lệ SVTN có việc làm các ngành','','P. QLĐT\n&CTSV','','2020 - 2023'),(951,'H11.11.03.05','Quyết định về việc thành lập Trung tâm Hỗ trợ sinh viên trực thuộc Phòng Công tác sinh viên và Các đoàn thể Trường Đại học Bình Dương','1','Trường ĐHBD','','Số 1102/QĐ-ĐHBD, ngày 13/10/2018'),(952,'H11.11.03.05','Quyết định về việc thành lập Tổ Chăm sóc sinh viên trực thuộc Phòng Đào tạo Trường Đại học Bình Dương','2','Trường ĐHBD','','Số 565/QĐ-ĐHBD, ngày 23/06/2022'),(953,'H11.11.03.05','Quyết định về việc thành lập Bộ phận Một cửa – Phòng tuyển sinh thuộc Trường Đại học Bình Dương','3','Trường ĐHBD','','2023'),(954,'H11.11.03.06','Trang web thông báo các thông tin việc làm cho SV\nhttps://www.facebook.com/sinhvienbdu\nhttps://www.bdu.edu.vn/tuyen-dung/doanh-nghiep-tuyen-dung\nhttps://congngheoto.bdu.edu.vn/index.php/\nhttps://www.facebook.com/congngheotobdu','','Website','','2024'),(955,'H11.11.03.07','Kế hoạch tổ chức “Tuần sinh hoạt công dân - sinh viên”','','Trường ĐHBD','','2019 - 2023'),(956,'H11.11.03.08','Kế hoạch tổ chức Lễ trao bằng tốt nghiệp - Ngày hội việc làm','1','Trường ĐHBD','','Số 665/KH-ĐHBD, ngày 27/11/2020'),(957,'H11.11.04.01','Quyết định về việc ban hành qui định hoạt động của sinh viên Trường (Trích quy định Nghiên cứu Khoa học)','','Trường ĐHBD','','Số 281/QĐ-ĐHBD, ngày 02/07/2013'),(958,'H11.11.04.02','Thông báo và kế hoạch NCKH SV','1','Trường ĐHBD','','Số 1566/TB-ĐHBD, ngày 14/06/2019\nSố 02/TB-P.QLKH&QHĐN, ngày 07/01/2022\nSố 485/TB-ĐHBD, ngày 15/8/2022\nSố 342/TB-ĐHBD, ngày 12/05/2023\nSố 656/TB-ĐHBD, ngày 24/07/2023\nSố 854/TB-ĐHBD, ngày 30/08/2023\nSố 985/TB-ĐHBD, ngày 15/08/2024'),(959,'H11.11.04.02','Quyết định về việc giao đề tài NCKH cho sinh viên','2','Khoa','','Số 549/QĐ-ĐHBD, ngày 07/03/2019\nSố 1576/QĐ-ĐHBD, ngày 18/06/2019\nSố 1689/QĐ-ĐHBD, ngày 26/06/2019\nSố 1690/QĐ-ĐHBD, ngày 26/06/2016\nSố 2726/QĐ-ĐHBD, ngày 25/10/2019\nSố 3195/QĐ-ĐHBD, ngày 31/12/2019\nSố 1003/QĐ-ĐHBD, ngày 10/06/2024'),(960,'H11.11.04.02','Cơ sở vật chất phòng thực hành khoa','3','Trường ĐHBD','','Số 677/TB-ĐHBD, ngày 21/03/2019\nSố 772/KH-ĐHBD, ngày 15/08/2023'),(961,'H11.11.04.03','Hồ sơ các đề tài NCKH của GV và SV','1','P. QLKH\n&QHĐN','','2024'),(962,'H11.11.04.03','Bảng thống kê đề tài NCKH','2','P. QLKH\n&QHĐN','','2024'),(963,'H11.11.04.03','Danh sách các bài báo, giáo trình công bố','3','P. QLKH\n&QHĐN','','2024'),(964,'H11.11.04.04','Kế hoạch hội thảo và hình ảnh','1','Khoa','','2019 - 2023'),(965,'H11.11.04.04','Kế hoạch tổ chức Hội nghị khoa học của sinh viên','2','Khoa','','2019 - 2023'),(966,'H11.11.04.05','Bảng đối sánh hoạt động NCKH của SV với các ngành khác trong Trường','','Khoa','','2019 - 2023'),(967,'H11.11.05.01','Kế hoạch khảo sát sinh viên năm cuối','1','P. QLĐT\n&CTSV','','Số 24/KH-QLĐT&CTSV, ngày 09/03/2022'),(968,'H11.11.05.01','Bảng câu hỏi khảo sát sinh viên về hoạt động giảng dạy','2','P. QLĐT\n&CTSV','','2022'),(969,'H11.11.05.01','Bảng câu hỏi khảo sát sinh viên năm cuối','3','P. QLĐT\n&CTSV','','2022'),(970,'H11.11.05.01','Bảng câu hỏi khảo sát cựu sinh viên','4','P. QLĐT\n&CTSV','','2022'),(971,'H11.11.05.01','Kế hoạch khảo sát NH hoạt động giảng dạy (Khung kế hoạch đào tạo năm học)','5','P. QLĐT\n&CTSV','','Số 118/QĐ-ĐHBD, ngày 09/01/2019\nSố 200/QĐ-ĐHBD, ngày 18/03/2020\nSố 192/QĐ-ĐHBD, ngày 29/03/2021\nSố 312/KH-ĐHBD, ngày 03/06/2022'),(972,'H11.11.05.02','Báo cáo khảo sát đánh giá hoạt động giảng dạy','','P. QLĐT\n&CTSV','','Số 32/BC-QLĐT&CTSV, ngày 29/01/2021\nSố 210/BC-QLĐT&CTSV, ngày 30/08/2021\nSố 09/BC-QLĐT&CTSV, ngày 31/01/2022\nSố 189/BC-QLĐT&CTSV, ngày 25/08/2022'),(973,'H11.11.05.03','Báo cáo tổng kết năm học của Khoa','','Khoa','','2019 - 2023'),(974,'H11.11.05.04','Báo cáo tổng kết năm học của Phòng QLĐT&CTSV','','P. QLĐT\n&CTSV','','Số 232/BC-QLĐT&CTSV, ngày 11/09/2020\nSố 211/BC-QLĐT&CTSV, ngày 06/09/2021\nSố 197/BC-QLĐT&CTSV, ngày 07/09/2022'),(975,'H11.11.05.05','Báo cáo tổng kết năm học của Trường','','Trường ĐHBD','','Số 1827/BC-ĐHBD, ngày 05/07/2019\nSố 644/BC-ĐHBD, ngày 19/11/2020\nSố 13/BC-ĐHBD, ngày 09/09/2021\nSố 134/BC-ĐHBD, ngày 08/03/2022'),(976,'H11.11.05.06','Báo cáo khảo sát các BLQ về CTĐT','1','Khoa','','2024'),(977,'H11.11.05.06','Báo cáo khảo sát sinh viên năm cuối','2','Khoa','','2024');
/*!40000 ALTER TABLE `minh_chung_con` ENABLE KEYS */;
UNLOCK TABLES;

--
-- Table structure for table `tieu_chi`
--

DROP TABLE IF EXISTS `tieu_chi`;
/*!40101 SET @saved_cs_client     = @@character_set_client */;
/*!50503 SET character_set_client = utf8mb4 */;
CREATE TABLE `tieu_chi` (
  `ma_tieu_chi` varchar(50) CHARACTER SET utf8mb3 COLLATE utf8mb3_general_ci NOT NULL,
  `mo_ta` longtext NOT NULL,
  `ma_tieu_chuan` int NOT NULL,
  PRIMARY KEY (`ma_tieu_chi`),
  KEY `fk_tieu_chi_tieu_chuan` (`ma_tieu_chuan`),
  CONSTRAINT `fk_tieu_chi_tieu_chuan` FOREIGN KEY (`ma_tieu_chuan`) REFERENCES `tieu_chuan` (`ma_tieu_chuan`) ON DELETE CASCADE ON UPDATE CASCADE
) ENGINE=InnoDB DEFAULT CHARSET=utf8mb4 COLLATE=utf8mb4_0900_ai_ci;
/*!40101 SET character_set_client = @saved_cs_client */;

--
-- Dumping data for table `tieu_chi`
--

LOCK TABLES `tieu_chi` WRITE;
/*!40000 ALTER TABLE `tieu_chi` DISABLE KEYS */;
INSERT INTO `tieu_chi` VALUES ('Tiêu chí 1.1.','Mục tiêu của chương trình đào tạo được xác định rõ ràng, phù hợp với sứ mạng và tầm nhìn của cơ sở giáo dục đại học, phù hợp với mục tiêu của giáo dục đại học quy định tại Luật giáo dục đại học.',1),('Tiêu chí 1.2','CĐR của CTĐT được xác định rõ ràng, bao quát được cả các yêu cầu chung và yêu cầu chuyên biệt mà NH cần đạt được sau khi hoàn thành CTĐT',1),('Tiêu chí 1.3','CĐR của CTĐT phản ánh được yêu cầu của các bên liên quan, được định kỳ rà soát, điều chỉnh và được công bố công khai',1),('Tiêu chí 10.1','Thông tin phản hồi và nhu cầu của các bên liên quan được sử dụng làm căn cứ để thiết kế và phát triển chương trình đào tạo/chương trình dạy học',10),('Tiêu chí 10.2','Việc thiết kế và phát triển chương trình đào tạo/chương trình dạy học được thiết lập, được đánh giá và cải tiến.',10),('Tiêu chí 10.3','Quá trình dạy và học, việc đánh giá kết quả của người học được rà soát và đánh giá thường xuyên để đảm bảo tương thích và phù hợp với chuẩn đầu ra.',10),('Tiêu chí 10.4','Các kết quả nghiên cứu khoa học được sử dụng để cải tiến việc dạy và học.',10),('Tiêu chí 10.5','Chất lượng các dịch vụ hỗ trợ và tiện ích (tại thư viện, trung tâm phòng thí nghiệm, hệ thống công nghệ thông tin và các dịch vụ hỗ trợ khác) được đánh giá và cải tiến.',10),('Tiêu chí 10.6','Cơ chế phản hồi của các bên liên quan có tính hệ thống, được đánh giá và cải tiến.',10),('Tiêu chí 11.1','Tỉ lệ thôi học, tốt nghiệp được xác lập, giám sát và đối sánh để cải tiến chất lượng',11),('Tiêu chí 11.2','Thời gian tốt nghiệp trung bình được xác lập, giám sát và đối sánh để cải tiến chất lượng',11),('Tiêu chí 11.3','Tỉ lệ có việc làm sau tốt nghiệp được xác lập, giám sát và đối sánh để cải tiến chất lượng',11),('Tiêu chí 11.4','Loại hình và số lượng các hoạt động nghiên cứu của người học được xác lập, giám sát và đối sánh để cải tiến chất lượng',11),('Tiêu chí 11.5','Mức độ hài lòng của các bên liên quan được xác lập, giám sát và đối sánh để cải tiến chất lượng',11),('Tiêu chí 2.1','Bản mô tả CTĐT đầy đủ thông tin và cập nhật',2),('Tiêu chí 2.2','Đề cương các học phần đầy đủ thông tin và cập nhật',2),('Tiêu chí 2.3','Bản mô tả CTĐT và đề cương các học phần được công bố công khai và các bên liên quan dễ dàng tiếp cận',2),('Tiêu chí 3.1','CTDH được thiết kế dựa trên CĐR',3),('Tiêu chí 3.2','Đóng góp của mỗi học phần trong việc đạt được CĐR là rõ ràng',3),('Tiêu chí 3.3','CTDH có cấu trúc, trình tự logic; nội dung cập nhật và có tính tích hợp.',3),('Tiêu chí 4.1','Triết lý giáo dục hoặc mục tiêu giáo dục được tuyên bố rõ ràng và được phổ biến tới các bên liên quan',4),('Tiêu chí 4.2','Các hoạt động dạy và học được thiết kế phù hợp để đạt được chuẩn đầu ra',4),('Tiêu chí 4.3','Các hoạt động dạy và học thúc đẩy việc rèn luyện các kỹ năng, nâng cao khả năng học tập suốt đời của người học',4),('Tiêu chí 5.1','Việc đánh giá kết quả học tập của người học được thiết kế phù hợp với mức độ đạt được chuẩn đầu ra',5),('Tiêu chí 5.2','Các Quy định về đánh giá kết quả học tập của người học (bao gồm thời gian, phương pháp, tiêu chí, trọng số, cơ chế phản hồi và các nội dung liên quan) rõ ràng và được thông báo công khai tới người học.',5),('Tiêu chí 5.3','Phương pháp đánh giá kết quả học tập đa dạng, đảm bảo độ giá trị, độ tin cậy và sự công bằng',5),('Tiêu chí 5.4','Kết quả đánh giá được phản hồi kịp thời để người học cải thiện việc học tập',5),('Tiêu chí 5.5','Người học tiếp cận dễ dàng với Quy trình khiếu nại về kết quả học tập',5),('Tiêu chí 6.1','Việc Quy hoạch đội ngũ giảng viên, nghiên cứu viên (bao gồm việc thu hút, tiếp nhận, bổ nhiệm, bố trí, chấm dứt hợp đồng lao động) được thực hiện đáp ứng nhu cầu về đào tạo, nghiên cứu khoa học và các hoạt động phục vụ cộng đồng',6),('Tiêu chí 6.2','Tỉ lệ GV/ NH và khối lượng công việc của đội ngũ GV, NCV được đo lường, giám sát làm căn cứ cải tiến chất lượng hoạt động đào tạo, NCKH và các hoạt động PVCĐ',6),('Tiêu chí 6.3','Các tiêu chí tuyển dụng và lựa chọn giảng viên, nghiên cứu viên (bao gồm cả đạo đức và năng lực học thuật) để bổ nhiệm, điều chuyển được xác định và phổ biến công khai',6),('Tiêu chí 6.4','Năng lực của đội ngũ giảng viên, nghiên cứu viên được xác định và được đánh giá',6),('Tiêu chí 6.5','Nhu cầu về đào tạo và phát triển chuyên môn của đội ngũ GV, NCV được xác định và có các hoạt động triển khai để đáp ứng nhu cầu đó',6),('Tiêu chí 6.6','Việc quản trị theo kết quả công việc của GV, NCV (gồm cả khen thưởng và công nhận) được triển khai để tạo động lực và hỗ trợ cho đào tạo, NCKH và các hoạt động phục vụ cộng đồng',6),('Tiêu chí 6.7','Các loại hình và số lượng các hoạt động nghiên cứu của GV và NCV được xác lập, giám sát và đối sánh để cải tiến chất lượng',6),('Tiêu chí 7.1','Việc Quy hoạch đội ngũ nhân viên (làm việc tại thư viện, phòng thí nghiệm, hệ thống công nghệ thông tin và các dịch vụ hỗ trợ khác) được thực hiện đáp ứng nhu cầu về đào tạo, NCKH và các hoạt động phục vụ cộng đồng',7),('Tiêu chí 7.2','Các tiêu chí tuyển dụng và lựa chọn NV để bổ nhiệm, điều chuyển được xác định và phổ biến công khai',7),('Tiêu chí 7.3','Năng lực của đội ngũ nhân viên được xác định và được đánh giá',7),('Tiêu chí 7.4','Nhu cầu về đào tạo và phát triển chuyên môn, nghiệp vụ của NV được xác định và có các hoạt động triển khai để đáp ứng nhu cầu đó',7),('Tiêu chí 7.5','Việc quản trị theo kết quả công việc của nhân viên (gồm cả khen thưởng và công nhận) được triển khai để tạo động lực và hỗ trợ cho đào tạo, nghiên cứu khoa học và các hoạt động phục vụ cộng đồng',7),('Tiêu chí 8.1','Chính sách tuyển sinh được xác định rõ ràng, được công bố công khai và được cập nhật',8),('Tiêu chí 8.2','Tiêu chí và phương pháp tuyển chọn người học được xác định rõ ràng và được đánh giá',8),('Tiêu chí 8.3','Có hệ thống giám sát phù hợp về sự tiến bộ trong học tập và rèn luyện, kết quả học tập, khối lượng học tập của người học',8),('Tiêu chí 8.4','Có các hoạt động tư vấn học tập, hoạt động ngoại khoá, hoạt động thi đua và các dịch vụ hỗ trợ khác để giúp cải thiện việc học tập và khả năng có việc làm của người học',8),('Tiêu chí 8.5','Môi trường tâm lý, xã hội và cảnh quan tạo thuận lợi cho hoạt động đào tạo, nghiên cứu và sự thoải mái cho cá nhân người học.',8),('Tiêu chí 9.1','Có hệ thống phòng làm việc, phòng học và các phòng chức năng với các trang thiết bị phù hợp để hỗ trợ các hoạt động đào tạo và nghiên cứu.',9),('Tiêu chí 9.2','Thư viện và các nguồn học liệu phù hợp và được cập nhật để hỗ trợ các hoạt động đào tạo và nghiên cứu.',9),('Tiêu chí 9.3','Phòng thí nghiệm, thực hành và trang thiết bị phù hợp và được cập nhật để hỗ trợ các hoạt động đào tạo và nghiên cứu.',9),('Tiêu chí 9.4','Hệ thống công nghệ thông tin (bao gồm cả hạ tầng cho học tập trực tuyến) phù hợp và được cập nhật để hỗ trợ các hoạt động đào tạo và nghiên cứu',9),('Tiêu chí 9.5','Các tiêu chuẩn về môi Trường, sức khỏe, an toàn được xác định và triển khai có lưu ý đến nhu cầu đặc thù của người khuyết tật',9);
/*!40000 ALTER TABLE `tieu_chi` ENABLE KEYS */;
UNLOCK TABLES;

--
-- Table structure for table `tieu_chuan`
--

DROP TABLE IF EXISTS `tieu_chuan`;
/*!40101 SET @saved_cs_client     = @@character_set_client */;
/*!50503 SET character_set_client = utf8mb4 */;
CREATE TABLE `tieu_chuan` (
  `ma_tieu_chuan` int NOT NULL AUTO_INCREMENT,
  `ten_tieu_chuan` longtext NOT NULL,
  `ma_khoa` int NOT NULL,
  PRIMARY KEY (`ma_tieu_chuan`),
  KEY `fk_tieu_chuan_khoa` (`ma_khoa`),
  CONSTRAINT `fk_tieu_chuan_khoa` FOREIGN KEY (`ma_khoa`) REFERENCES `khoa` (`ma_khoa`) ON DELETE CASCADE ON UPDATE CASCADE
) ENGINE=InnoDB AUTO_INCREMENT=12 DEFAULT CHARSET=utf8mb4 COLLATE=utf8mb4_0900_ai_ci;
/*!40101 SET character_set_client = @saved_cs_client */;

--
-- Dumping data for table `tieu_chuan`
--

LOCK TABLES `tieu_chuan` WRITE;
/*!40000 ALTER TABLE `tieu_chuan` DISABLE KEYS */;
INSERT INTO `tieu_chuan` VALUES (1,'TIÊU CHUẨN 1: MỤC TIÊU VÀ CHUẨN ĐẦU RA CỦA CHƯƠNG TRÌNH ĐÀO TẠO',1),(2,'TIÊU CHUẨN 2: BẢN MÔ TẢ CHƯƠNG TRÌNH ĐÀO TẠO',1),(3,'TIÊU CHUẨN 3. CẤU TRÚC VÀ NỘI DUNG CHƯƠNG TRÌNH DẠY HỌC',1),(4,'TIÊU CHUẨN 4. PHƯƠNG PHÁP TIẾP CẬN TRONG DẠY VÀ HỌC',1),(5,'TIÊU CHUẨN 5. ĐÁNH GIÁ KẾT QUẢ HỌC TẬP CỦA NGƯỜI HỌC',1),(6,'TIÊU CHUẨN 6. ĐỘI NGŨ GIẢNG VIÊN, NGHIÊN CỨU VIÊN',1),(7,'TIÊU CHUẨN 7. ĐỘI NGŨ NHÂN VIÊN',1),(8,'TIÊU CHUẨN 8. CHẤT LƯỢNG NGƯỜI HỌC VÀ HOẠT ĐỘNG HỖ TRỢ NGƯỜI HỌC',1),(9,'TIÊU CHUẨN 9. CƠ SỞ VẬT CHẤT VÀ TRANG THIẾT BỊ',1),(10,'TIÊU CHUẨN 10. NÂNG CAO CHẤT LƯỢNG',1),(11,'TIÊU CHUẨN 11. KẾT QUẢ ĐẦU RA',1);
/*!40000 ALTER TABLE `tieu_chuan` ENABLE KEYS */;
UNLOCK TABLES;
/*!40103 SET TIME_ZONE=@OLD_TIME_ZONE */;

/*!40101 SET SQL_MODE=@OLD_SQL_MODE */;
/*!40014 SET FOREIGN_KEY_CHECKS=@OLD_FOREIGN_KEY_CHECKS */;
/*!40014 SET UNIQUE_CHECKS=@OLD_UNIQUE_CHECKS */;
/*!40101 SET CHARACTER_SET_CLIENT=@OLD_CHARACTER_SET_CLIENT */;
/*!40101 SET CHARACTER_SET_RESULTS=@OLD_CHARACTER_SET_RESULTS */;
/*!40101 SET COLLATION_CONNECTION=@OLD_COLLATION_CONNECTION */;
/*!40111 SET SQL_NOTES=@OLD_SQL_NOTES */;

-- Dump completed on 2024-12-10 17:08:41
